Workbook

Sheet Panduan
B2: INSTRUMEN SELF-ASSESSMENT AKREDITASI
B3: LABORATORIUM KESEHATAN MASYARAKAT (LABKESMAS)
B5: Disusun untuk Koordinator Wilayah Kalimantan Tengah — Komite Akreditasi Kesehatan Lanjutan (KAKL)
B7: A. DASAR HUKUM
B8: • Peraturan Menteri Kesehatan Nomor 34 Tahun 2022 tentang Akreditasi Puskesmas, Klinik, Laboratorium Kesehatan, Unit Transfusi Darah, Tempat Praktik Mandiri Dokter, dan Tempat Praktik Mandiri Dokter Gigi.
B9: • Standar Akreditasi Laboratorium Kesehatan (rujukan KMK terkait — sesuai template resmi yang diberikan Bapak Hary Satrisno).
B11: B. SUMBER KONTEN
B12: Seluruh Standar, Elemen Penilaian, metode telusur, dan bukti pada workbook ini diambil langsung dari template resmi Self Assessment Laboratorium Kesehatan yang diberikan Bapak Hary Satrisno — bukan rekonstruksi dari pencarian web.
B14: C. STRUKTUR BAB (7 Bab)
B15: • Bab I. Sasaran Keselamatan Pasien (SKP)
B16: • Bab II. Tata Kelola Kepemimpinan (TKK)
B17: • Bab III. Manajemen Informasi (MI)
... B42: 4. Ringkasan capaian per Standar dan per Bab terhitung otomatis (EP TDD dikeluarkan dari penyebut).

Sheet Bab I - SKP (Rinci)
A1: Bab I. SASARAN KESELAMATAN PASIEN (SKP) — KONTEN RESMI LENGKAP
A2: Sumber: Template Self Assessment Laboratorium Kesehatan resmi yang diberikan Bapak Hary Satrisno. Redaksi Elemen Penilaian dan Bukti/Telusur adalah teks ASLI.
A4: Standar | B4: No. EP | C4: Elemen Penilaian | D4: Skor Diri (0/5/10/TDD) | E4: Metode Telusur & Bukti | F4: Catatan / Rencana Tindak Lanjut
A5: Standar SKP 1 — Laboratorium Kesehatan mengembangkan dan mengimplementasikan proses untuk meningkatkan ketepatan identifikasi.
A6: Standar SKP 1 | B6: 1 | C6: 1) Terdapat kebijakan, pedoman dan prosedur yang mengatur identifikasi pasien dengan menggunakan minimal dua dari empat identitas. | E6: [R] Regulasi: (Kebijakan/pedoman/prosedur identifikasi pasien)
A7: Standar SKP 1 | B7: 2 | C7: 2) Terdapat bukti Identifikasi dilakukan mulai dari pendaftaran sampai penyerahan hasil. | E7: [D O W] Bukti pelaksanaan identifikasi dari pendaftaran sampai penyerahan hasil Observasi pelaksanaan identifikasi dari pendaftaran sampai penyerahan hasil Bagian Administrasi, Koordinator Laboratorium, ATLM/ Pelaksana
A8: Standar SKP 2 — Laboratorium kesehatan menerapkan proses komunikasi efektif dalam memberikan pelayanan baik secara verbal dan atau komunikasi melalui telepon dalam me
A9: Standar SKP 2 | B9: 1 | C9: 1) Terdapat bukti pelaporan dan penyerahan hasil kritis | E9: [D W S] Bukti pelaporan dan penyerahan hasil kritis Koordinator Labkes, ATLM/Pelaksana Simulasi pelaporan dan penyerahan hasil kritis
A10: Standar SKP 2 | B10: 2 | C10: 2) Terdapat bukti evaluasi dan tindak lanjut pelaksanaan pelaporan hasil kritis | E10: [D] Bukti evaluasi dan tindak lanjut pelaporan hasil kritis
A11: Standar SKP 3 — Infeksi yang terjadi sebagai dampak dari pelayanan kesehatan adalah merupakan ancaman keselamatan bagi penerima layanan. Laboratorium kesehatan mengad
A12: Standar SKP 3 | B12: 1 | C12: 1) Terdapat kebijakan, pedoman dan prosedur tentang kebersihan tangan. | E12: [R] Regulasi: (Kebijakan/pedoman/prosedur/ program kebersihan tangan).
A13: Standar SKP 3 | B13: 2 | C13: 2) Terdapat bukti implementasi program kebersihan tangan bagi seluruh petugas. | E13: [D O S] Bukti implementasi program kebersihan tangan bagi seluruh petugas termasuk hasil pengukuran INM Kepatuhan Kebersihan Tangan. Bukti kelengkapan fasilitas kebersihan tangan dan penerapan pelaksanaan kebersihan tangan bagi seluruh petugas. Peragaan Kebersihan Tangan
A15: RINGKASAN CAPAIAN BAB I
A16: Standar | B16: Jumlah EP | C16: Total Skor | D16: Skor Maksimal | E16: Capaian (%)
A17: Standar SKP 1 | B17: 2 | C17: =SUMPRODUCT((D6:D7<>"TDD")*IFERROR(D6:D7,0)) -> 0 | D17: =COUNTIF(D6:D7,"<>TDD")*10 -> 20 | E17: =IFERROR(C17/D17,0) -> 0
A18: Standar SKP 2 | B18: 2 | C18: =SUMPRODUCT((D9:D10<>"TDD")*IFERROR(D9:D10,0)) -> 0 | D18: =COUNTIF(D9:D10,"<>TDD")*10 -> 20 | E18: =IFERROR(C18/D18,0) -> 0
A19: Standar SKP 3 | B19: 2 | C19: =SUMPRODUCT((D12:D13<>"TDD")*IFERROR(D12:D13,0)) -> 0 | D19: =COUNTIF(D12:D13,"<>TDD")*10 -> 20 | E19: =IFERROR(C19/D19,0) -> 0
A20: TOTAL BAB I | B20: =SUM(B17:B19) -> 6 | C20: =SUM(C17:C19) -> 0 | D20: =SUM(D17:D19) -> 60 | E20: =IFERROR(C20/D20,0) -> 0

Sheet Bab II - TKK (Rinci)
A1: Bab II. TATA KELOLA KEPEMIMPINAN (TKK) — KONTEN RESMI LENGKAP
A2: Sumber: Template Self Assessment Laboratorium Kesehatan resmi yang diberikan Bapak Hary Satrisno. Redaksi Elemen Penilaian dan Bukti/Telusur adalah teks ASLI.
A4: Standar | B4: No. EP | C4: Elemen Penilaian | D4: Skor Diri (0/5/10/TDD) | E4: Metode Telusur & Bukti | F4: Catatan / Rencana Tindak Lanjut
A5: Standar TKK 1 Penetapan visi dan misi — Pimpinan laboratorium kesehatan menetapkan visi dan misi serta perencanaan kegiatan yang mendukung penyelenggaraan pelayanan laboratorium kesehatan.
A6: Standar TKK 1 Penetapan visi dan misi | B6: 1 | C6: 1) Terdapat bukti penyusunan visi dan misi Laboratorium Kesehatan, serta penetapan visi dan misi laboratorium kesehatan | E6: [D R] Bukti pertemuan penyusunan visi dan misi Laboratorium Kesehatan oleh semua petugas Laboratorium Kesehatan (undangan, daftar hadir, notulen, dokumentasi, materi) Regulasi tentang penetapan visi dan misi
A7: Standar TKK 1 Penetapan visi dan misi | B7: 2 | C7: 2) Terdapat bukti sosialisasi dan pemahaman visi dan misi kepada seluruh petugas laboratorium kesehatan, serta evaluasi visi dan misi laboratorium kesehatan | E7: [D W] Bukti sosialisasi visi dan misi kepada seluruh petugas Bukti evaluasi visi dan misi laboratorium kesehatan Bukti pemahaman visi dan misi Laboratorium Kesehatan
A8: Standar TKK 1.1.1 Kualifikasi pimpinan laboratorium kesehatan — Pimpinan laboratorium kesehatan memenuhi kualifikasi sesuai peraturan perundang-undangan
A9: Standar TKK 1.1.1 Kualifikasi pimpinan laboratorium kesehatan | B9: 1 | C9: 1) Kepala laboratorium kesehatan memenuhi kualifikasi sesuai dengan ketentuan peraturan perundang-undangan | E9: [R D] Regulasi tentang Kualifikasi Kepala Laboratorium Kesehatan sesuai dengan ketentuan peraturan perundang- undangan Dokumen file kepegawaian kepala laboratorium kesehatan
A10: Standar TKK 1.1.1 Kualifikasi pimpinan laboratorium kesehatan | B10: 2 | C10: 2) Kepala laboratorium kesehatan mempunyai uraian tugas sesuai dengan ketentuan peraturan perundang-undangan | E10: [R D] Regulasi penetapan Kepala Laboratorium Kesehatan beserta lampiran uraian tugas. Bukti implementasi tugas Kepala Laboratorium Kesehatan sesuai uraian tugas.
A11: Standar TKK 1.1.1 Kualifikasi pimpinan laboratorium kesehatan | B11: 3 | C11: 3) Kepala Laboratorium Kesehatan melakukan pelaporan berkala kepada pemilik | E11: [D] Bukti laporan Kepala Laboratorium Kesehatan kepada pemilik
A12: Standar TKK 2 Koordinasi dengan pihak terkait atau pemangku kepentingan — Pimpinan laboratorium kesehatan melakukan koordinasi dengan pihak terkait atau pemangku kepentingan untuk menentukan jenis dan lingkup pelayanan labor
A13: Standar TKK 2 Koordinasi dengan pihak terkait atau pemangku kepentingan | B13: 1 | C13: 1) Terdapat bukti koordinasi dengan pihak terkait untuk menentukan jenis pelayanan laboratorium kesehatan yang mencakup angka 1) sampai angka 6) paling singkat 1 (satu) tahun sekali. | E13: [D] Bukti koordinasi dengan pihak terkait atau pemangku kepentingan untuk menentukan jenis pelayanan laboratorium kesehatan yang meliputi angka 1) sampai angka 6) paling singkat 1 (satu) tahun sekali
A14: Standar TKK 2 Koordinasi dengan pihak terkait atau pemangku kepentingan | B14: 2 | C14: 2) Terdapat kebijakan tentang jenis pelayanan laboratorium kesehatan | E14: [R] Regulasi tentang jenis pelayanan laboratorium kesehatan
A15: Standar TKK 2.1 Perencanaan ketersediaan sumber daya yang dibutuhkan — Pimpinan laboratorium kesehatan merencanakan dan menjamin ketersediaan sumber daya yang dibutuhkan dengan mengutamakan mutu dan keselamatan
A16: Standar TKK 2.1 Perencanaan ketersediaan sumber daya yang dibutuhkan | B16: 1 | C16: 1) Tersedia data yang digunakan sebagai dasar penyusunan rencana kebutuhan dan pemilihan teknologi tepat guna. | E16: [D] Data yang digunakan sebagai dasar penyusunan rencana kebutuhan dan pemilihan teknologi tepat guna.
A17: Standar TKK 2.1 Perencanaan ketersediaan sumber daya yang dibutuhkan | B17: 2 | C17: 2) Terdapat perencanaan laboratorium kesehatan untuk menjamin terlaksananya pelayanan yang mencakup angka 1) sampai angka 5). | E17: [D W] Perencanaan laboratorium kesehatan Kepala Labkes, Kepala Tata Usaha/Kepegawaian Labkes, Penanggung Jawab Unit dan SDM Labkes
A18: Standar TKK 2.1 Perencanaan ketersediaan sumber daya yang dibutuhkan | B18: 3 | C18: 3) Tersedia sumber daya laboratorium kesehatan yang mencakup angka 1) sampai angka 5). | E18: [D] Daftar ketersediaan sumberdaya laboratorium kesehatan mencakup angka 1) sampai angka 5)
A19: Standar TKK 2.1 Perencanaan ketersediaan sumber daya yang dibutuhkan | B19: 4 | C19: 4) Terdapat bukti evaluasi perencanaan dan ketersediaan sumber daya yang dibutuhkan | E19: [D] Bukti evaluasi perencanaan dan ketersediaan sumberdaya
A20: Standar TKK 2.2 Perjanjian kerja sama — Pimpinan laboratorium kesehatan menetapkan perjanjian kerja sama
A21: Standar TKK 2.2 Perjanjian kerja sama | B21: 1 | C21: 1) Terdapat perjanjian kerja sama tertulis. | E21: [D] Bukti perjanjian kerja sama tertulis
A22: Standar TKK 2.2 Perjanjian kerja sama | B22: 2 | C22: 2) Terdapat kriteria penentuan kerja sama dengan pihak ketiga. | E22: [R W] Regulasi tentang kriteria penentuan perjanjian kerja sama dengan pihak ketiga Pimpinan laboratorium kesehatan
A23: Standar TKK 2.2.1 Perjanjian kerja sama dengan pihak ketiga — Laboratorium kesehatan menetapkan perjanjian kerja sama dengan pihak ketiga yang telah memiliki izin/lisensi dan terakreditasi
A24: Standar TKK 2.2.1 Perjanjian kerja sama dengan pihak ketiga | B24: 1 | C24: 1) Terdapat salinan perizinan/lisensi pihak ketiga yang bekerja sama sesuai dengan ketentuan peraturan perundang-undangan. | E24: [D] Salinan perijinan/ lisensi pihak ketiga yang bekerja sama sesuai dengan ketentuan peraturan perundang-undangan
A25: Standar TKK 2.2.1 Perjanjian kerja sama dengan pihak ketiga | B25: 2 | C25: 2) Terdapat salinan sertifikat akreditasi atau sertifikasi pihak ketiga yang bekerja sama oleh lembaga yang diakui pemerintah. | E25: [D] Salinan sertifikat akreditasi atau sertifikasi pihak ketiga yang bekerja sama oleh lembaga yang diakui pemerintah yang masih berlaku
A26: Standar TKK 2.2.2 Evaluasi terhadap perjanjian kerja sama — Pimpinan laboratorium kesehatan bertanggung jawab melakukan evaluasi terhadap perjanjian kerja sama.
A27: Standar TKK 2.2.2 Evaluasi terhadap perjanjian kerja sama | B27: 1 | C27: 1) Terdapat kebijakan pelaksanaan evaluasi dan tindak lanjut terhadap perjanjian kerja sama. | E27: [R] Regulasi : kebijakan pelaksanaan evaluasi dan tindak lanjut terhadap perjanjian kerja sama
A28: Standar TKK 2.2.2 Evaluasi terhadap perjanjian kerja sama | B28: 2 | C28: 2) Terdapat bukti dokumentasi pelaksanaan evaluasi dan tindak lanjut perjanjian kerja sama. | E28: [D] Bukti pelaksanaan evaluasi dan tindak lanjut perjanjian kerja sama
A29: Standar TKK 2.3 Pelayanan Point Of Care Test (POCT) — SDM yang kompeten dan berwenang melaksanakan dan memantau pelayanan Point Of Care Test (POCT).
A30: Standar TKK 2.3 Pelayanan Point Of Care Test (POCT) | B30: 1 | C30: 1) Terdapat SDM yang kompeten dan berwenang, dalam pelaksanaan dan pemantauan POCT. | E30: [D W] File kepegawaian berisi pembuktian kompetensi dan kewenangan SDM yang melaksanakan dan memantau POCT ( uraian tugas, sertifikat pelatihan POCT) Petugas POCT
A31: Standar TKK 2.3 Pelayanan Point Of Care Test (POCT) | B31: 2 | C31: 2) Terdapat prosedur pelaporan hasil POCT, termasuk hasil kritis | E31: [R] Regulasi :Prosedur pelaporan hasil POCT, termasuk hasil kritis
A32: Standar TKK 2.3 Pelayanan Point Of Care Test (POCT) | B32: 3 | C32: 3) Pelaksanaan POCT dipantau dan dievaluasi, serta dilakukan upaya tindak lanjut untuk peningkatan mutu pelayanan. | E32: [D] Bukti pemantauan, evaluasi dan tindak lanjut pelaksanaan POCT untuk peningkatan mutu pelayanan
A33: Standar TKK 3.1 Orientasi terhadap kebutuhan pelanggan — Pelayanan laboratorium kesehatan berorientasi terhadap kebutuhan pelanggan
A34: Standar TKK 3.1 Orientasi terhadap kebutuhan pelanggan | B34: 1 | C34: 1) Dilakukan survei kepuasan pelanggan. | E34: [D] Hasil survei kepuasan pelanggan
A35: Standar TKK 3.1 Orientasi terhadap kebutuhan pelanggan | B35: 2 | C35: 2) Dilakukan analisis, evaluasi dan tindak lanjut hasil survei kepuasan pelanggan | E35: [D] Bukti analisis, evaluasi dan tindak lanjut hasil survei kepuasan pelanggan
A36: Standar TKK 3.2 Prosedur pelaporan hasil kritis — Terdapat prosedur pelaporan hasil kritis
A37: Standar TKK 3.2 Prosedur pelaporan hasil kritis | B37: 1 | C37: 1) Terdapat penetapan hasil kritis. | E37: [R] Regulasi penetapan hasil kritis
A38: Standar TKK 3.2 Prosedur pelaporan hasil kritis | B38: 2 | C38: 2) Terdapat prosedur pelaporan hasil kritis. | E38: [R] Regulasi : Prosedur pelaporan hasil kritis
A39: Standar TKK 4 Program peningkatan mutu pelayanan laboratorium kesehatan — Pimpinan laboratorium kesehatan menetapkan program peningkatan mutu pelayanan laboratorium kesehatan.
A40: Standar TKK 4 Program peningkatan mutu pelayanan laboratorium kesehatan | B40: 1 | C40: 1) Terdapat program peningkatan mutu | E40: [R] Regulasi : Program peningkatan mutu
A41: Standar TKK 4 Program peningkatan mutu pelayanan laboratorium kesehatan | B41: 2 | C41: 2) Program peningkatan mutu laboratorium kesehatan mencakup tujuan, target, indikator dan cara pengukuran pencapaian target. | E41: [R] Regulasi : Program peningkatan mutu labkes mencakup tujuan, target, indikator dan cara pengukuran pencapaian target
A42: Standar TKK 4 Program peningkatan mutu pelayanan laboratorium kesehatan | B42: 3 | C42: 3) Terdapat bukti Analisis, evaluasi dan tindak lanjut pelaksanaan program peningkatan mutu. | E42: [D W] Bukti pelaksanaan dan analisis, evaluasi serta tindak lanjut pelaksanaan program peningkatan mutu Kepala Labkes, PJ tiap unit dan Tim Mutu
A43: Standar TKK 4.1 Pemantauan terhadap pelaksanaan program peningkatan mutu — Penanggung jawab mutu laboratorium kesehatan melakukan pemantauan terhadap pelaksanaan program peningkatan mutu.
A44: Standar TKK 4.1 Pemantauan terhadap pelaksanaan program peningkatan mutu | B44: 1 | C44: 1) Pimpinan laboratorium kesehatan menetapkan tim mutu serta uraian tugas tim mutu. | E44: [R] Regulasi : SK Penetapan Tim Mutu beserta uraian tugas.
A45: Standar TKK 4.1 Pemantauan terhadap pelaksanaan program peningkatan mutu | B45: 2 | C45: 2) Terdapat penanggung jawab mutu | E45: [R] Regulasi : SK Penetapan Penanggung Jawab Mutu beserta uraian tugas.
A46: Standar TKK 4.1 Pemantauan terhadap pelaksanaan program peningkatan mutu | B46: 3 | C46: 3) Terdapat bukti pemantauan terhadap pelaksanaan program peningkatan mutu. | E46: [D] Bukti pelaksanaan dan pemantauan terhadap pelaksanaan program peningkatan mutu
A47: Standar TKK 4.1 Pemantauan terhadap pelaksanaan program peningkatan mutu | B47: 4 | C47: 4) Terdapat bukti pelaporan pelaksanaan program peningkatan mutu dari ketua tim mutu ke kepala laboratorium kesehatan paling singkat 3 (tiga) bulan sekali. | E47: [D] Bukti pelaporan pelaksanaan program peningkatan mutu dari Penanggung Jawab mutu ke kepala Laboratorium Kesehatan paling singkat 3 (tiga) bulan sekali
A48: Standar TKK 4.2 Kriteria pemeriksaan laboratorium kesehatan yang bermutu — Pimpinan laboratorium kesehatan menetapkan kriteria pemeriksaan laboratorium kesehatan yang bermutu.
A49: Standar TKK 4.2 Kriteria pemeriksaan laboratorium kesehatan yang bermutu | B49: 1 | C49: 1) Terdapat kebijakan kriteria metode pemeriksaan dan kinerja alat mencakup angka 1) sampai angka 6). | E49: [R] Regulasi : Kebijakan kriteria metode pemeriksaan dan kinerja alat mencakup angka 1) sampai angka 6).
A50: Standar TKK 4.2 Kriteria pemeriksaan laboratorium kesehatan yang bermutu | B50: 2 | C50: 2) Terdapat bukti evaluasi dan tindak lanjut pemenuhan kriteria pemeriksaan. | E50: [D] Bukti evaluasi dan tindak lanjut pemenuhan kriteria pemeriksaan.
A51: Standar TKK 5 Pengumpulan dan analisis data — Laboratorium kesehatan melakukan pengumpulan dan analisis data.
A52: Standar TKK 5 Pengumpulan dan analisis data | B52: 1 | C52: 1). Terdapat bukti pengumpulan, pengolahan dan analisis data | E52: [D W] Bukti pengumpulan, pengolahan dan analisis data Tim Mutu
A53: Standar TKK 5 Pengumpulan dan analisis data | B53: 2 | C53: 2). Terdapat bukti hasil evaluasi dan tindak lanjut terhadap data yang telah dianalisis | E53: [D W] Bukti hasil evaluasi dan tindak lanjut terhadap data yang telah dianalisis Tim Mutu
A54: Standar TKK 7 Tindakan perbaikan untuk meningkatkan keamanan dan keselamatan — Laboratorium kesehatan melakukan tindakan perbaikan untuk meningkatkan keamanan dan keselamatan
A55: Standar TKK 7 Tindakan perbaikan untuk meningkatkan keamanan dan keselamatan | B55: 1 | C55: 1) Laboratorium kesehatan merencanakan upaya perbaikan berdasarkan data monitoring. | E55: [D] Bukti perencanaan upaya perbaikan berdasarkan data monitoring.
A56: Standar TKK 7 Tindakan perbaikan untuk meningkatkan keamanan dan keselamatan | B56: 2 | C56: 2) Terdapat sumber daya yang diperlukan untuk melakukan perbaikan. | E56: [D] Bukti tersedianya sumber daya yang diperlukan untuk melakukan perbaikan
A57: Standar TKK 7 Tindakan perbaikan untuk meningkatkan keamanan dan keselamatan | B57: 3 | C57: 3) Dilakukan evaluasi dan tindak lanjut untuk melihat upaya perbaikan berjalan efektif dan dilakukan. | E57: [D W] Bukti evaluasi dan tindak lanjut untuk melihat upaya perbaikan berjalan efektif Kepala Labkes, Penanggung Jawab Unit dan Tim Mutu
A58: Standar TKK 8 Manajemen risiko — Laboratorium kesehatan menerapkan manajemen risiko.
A59: Standar TKK 8 Manajemen risiko | B59: 1 | C59: 1). Terdapat program manajemen risiko yang meliputi angka 1) sampai angka 6) | E59: [R] Regulasi : Program manajemen risiko meliputi angka 1) sampai angka 6)
A60: Standar TKK 8 Manajemen risiko | B60: 2 | C60: 2). Program manajemen risiko yang disosialisasikan kepada seluruh petugas | E60: [D W] Bukti sosialisasi program manajemen risiko (undangan, daftar hadir, materi, notulen, dokumentasi) Seluruh SDM Labkes
A61: Standar TKK 8 Manajemen risiko | B61: 3 | C61: 3). Terdapat bukti dilakukan upaya pencegahan terjadinya risiko | E61: [D W] Bukti pelaksanaan upaya pencegahan terjadinya risiko Penanggung Jawab tiap unit, Tim Mutu dan seluruh SDM Labkes
A62: Standar TKK 8 Manajemen risiko | B62: 4 | C62: 4). Terdapat bukti evaluasi dan tindak lanjut pelaksanaan upaya pencegahan risiko. | E62: [D] Bukti evaluasi dan tindak lanjut pelaksanaan upaya pencegahan risiko
A63: Standar TKK 9 Pemantauan dan peningkatan mutu — Pimpinan laboratorium kesehatan melakukan pemantauan dan evaluasi terhadap upaya peningkatan mutu yang telah dilakukan paling sedikit 1 (satu) kali da
A64: Standar TKK 9 Pemantauan dan peningkatan mutu | B64: 1 | C64: 1) Terdapat bukti evaluasi upaya peningkatan mutu yang telah dilakukan mencakup angka 1) sampai angka 5). | E64: [D] Bukti evaluasi upaya peningkatan mutu yang telah dilakukan mencakup angka 1) sampai angka 5)
A65: Standar TKK 9 Pemantauan dan peningkatan mutu | B65: 2 | C65: 2) Pemantauan dan evaluasi dilakukan paling sedikit 1 (satu) kali dalam 1 (satu) tahun | E65: [D W] Laporan pemantauan dan evaluasi paling sedikit 1 (satu) kali dalam 1 (satu) tahun Pimpinan Labkes dan Tim Mutu
A66: Standar TKK 9 Pemantauan dan peningkatan mutu | B66: 3 | C66: 3) Terdapat rencana tindak lanjut dan didokumentasikan. | E66: [D] Bukti rencana tindak lanjut
A67: Standar TKK 10 Program peningkatan budaya keselamatan di laboratorium kesehatan — Pimpinan menetapkan program peningkatan budaya keselamatan di laboratorium
A68: Standar TKK 10 Program peningkatan budaya keselamatan di laboratorium kesehatan | B68: 1 | C68: 1) Pimpinan laboratorium kesehatan menetapkan program budaya keselamatan yang mencakup angka 1) sampai angka 3) serta mendukung penerapannya secara akuntabel dan transparan. | E68: [R D] Program budaya keselamatan di laboratorium kesehatan mencakup angka 1) sampai angka 3) Bukti penerapan budaya keselamatan di laboratorium kesehatan
A69: Standar TKK 10 Program peningkatan budaya keselamatan di laboratorium kesehatan | B69: 2 | C69: 2) Terdapat bukti penyampaian informasi dan edukasi budaya keselamatan kepada semua SDM. | E69: [D W] Bukti penyampaian informasi dan edukasi budaya keselamatan kepada semua SDM berupa : 1) Dokumen edukasi budaya keselamatan 2) Informasi/kepustakaan budaya keselamatan 3) Penyediaan sistem pelaporan bila ada insiden terkait budaya keselamatan/perilaku yang tidak diinginkan Tim Mutu dan SDM Labkes
A70: Standar TKK 10 Program peningkatan budaya keselamatan di laboratorium kesehatan | B70: 3 | C70: 3) Terdapat bukti upaya perbaikan perilaku. | E70: [D W] Bukti penilaian kepatuhan terhadap penerapan keselamatan pasien ( misal : laporan IKP dan bukti upaya perbaikannya) Pimpinan labkes dan Tim Mutu
A71: Standar TKK 10 Program peningkatan budaya keselamatan di laboratorium kesehatan | B71: 4 | C71: 4) Terdapat identifikasi masalah yang terkait dengan budaya keselamatan dalam organisasi. | E71: [D W] Bukti identifikasi masalah terkait budaya keselamatan dalam organisasi Pimpinan labkes dan Tim Mutu
A72: Standar TKK 10 Program peningkatan budaya keselamatan di laboratorium kesehatan | B72: 5 | C72: 5) Tersedia sumber daya untuk meningkatkan budaya keselamatan dalam laboratorium kesehatan. | E72: [D O W] Daftar sumber daya laboratorium kesehatan yang mendukung budaya keselamatan di Laboratorium Kesehatan Sistem informasi di labkes terkait budaya keselamatan, perpustakaan budaya keselamatan, anggaran dan kegiatan terkait lainnya Pimpinan labkes,Tim Mutu dan SDM labkes
A73: Standar TKK 10.1 Penetapan, pemantauan, dan perbaikan dalam peningkatan budaya keselamatan — Pimpinan menetapkan, memantau dan melakukan perbaikan dalam peningkatan budaya keselamatan di laboratorium kesehatan. Program peningkatan budaya kesel
A74: Standar TKK 10.1 Penetapan, pemantauan, dan perbaikan dalam peningkatan budaya keselamatan | B74: 1 | C74: 1) Terdapat bukti evaluasi dalam meningkatkan budaya keselamatan dalam organisasi. | E74: [D] Bukti evaluasi penerapan budaya keselamatan dalam organisasi
A75: Standar TKK 10.1 Penetapan, pemantauan, dan perbaikan dalam peningkatan budaya keselamatan | B75: 2 | C75: 2) Terdapat bukti pelaporan insiden keselamatan pasien. | E75: [D] Bukti pelaporan insiden keselamatan pasien.
A76: Standar TKK 10.1 Penetapan, pemantauan, dan perbaikan dalam peningkatan budaya keselamatan | B76: 3 | C76: 3) Terdapat bukti evaluasi terhadap laporan insiden keselamatan pasien. | E76: [D W] Bukti evaluasi terhadap laporan insiden keselamatan pasien Pimpinan labkes dan Tim Mutu
A77: Standar TKK 10.1 Penetapan, pemantauan, dan perbaikan dalam peningkatan budaya keselamatan | B77: 4 | C77: 4) Terdapat bukti tindak lanjut dari laporan insiden keselamatan pasien. | E77: [D W] Bukti tindak lanjut dari pelaporan insiden keselamatan pasien Pimpinan labkes dan Tim Mutu
A78: Standar TKK 10.1 Penetapan, pemantauan, dan perbaikan dalam peningkatan budaya keselamatan | B78: 5 | C78: 5) Terdapat bukti penjaminan kerahasiaan informasi pelapor. | E78: [R] Regulasi : Kebijakan penjaminan kerahasiaan informasi pelapor
A80: RINGKASAN CAPAIAN BAB II
A81: Standar | B81: Jumlah EP | C81: Total Skor | D81: Skor Maksimal | E81: Capaian (%)
A82: Standar TKK 1 Penetapan visi dan misi | B82: 2 | C82: =SUMPRODUCT((D6:D7<>"TDD")*IFERROR(D6:D7,0)) -> 0 | D82: =COUNTIF(D6:D7,"<>TDD")*10 -> 20 | E82: =IFERROR(C82/D82,0) -> 0
A83: Standar TKK 1.1.1 Kualifikasi pimpinan laboratorium kesehatan | B83: 3 | C83: =SUMPRODUCT((D9:D11<>"TDD")*IFERROR(D9:D11,0)) -> 0 | D83: =COUNTIF(D9:D11,"<>TDD")*10 -> 30 | E83: =IFERROR(C83/D83,0) -> 0
A84: Standar TKK 2 Koordinasi dengan pihak terkait atau pemangku kepentingan | B84: 2 | C84: =SUMPRODUCT((D13:D14<>"TDD")*IFERROR(D13:D14,0)) -> 0 | D84: =COUNTIF(D13:D14,"<>TDD")*10 -> 20 | E84: =IFERROR(C84/D84,0) -> 0
A85: Standar TKK 2.1 Perencanaan ketersediaan sumber daya yang dibutuhkan | B85: 4 | C85: =SUMPRODUCT((D16:D19<>"TDD")*IFERROR(D16:D19,0)) -> 0 | D85: =COUNTIF(D16:D19,"<>TDD")*10 -> 40 | E85: =IFERROR(C85/D85,0) -> 0
A86: Standar TKK 2.2 Perjanjian kerja sama | B86: 2 | C86: =SUMPRODUCT((D21:D22<>"TDD")*IFERROR(D21:D22,0)) -> 0 | D86: =COUNTIF(D21:D22,"<>TDD")*10 -> 20 | E86: =IFERROR(C86/D86,0) -> 0
A87: Standar TKK 2.2.1 Perjanjian kerja sama dengan pihak ketiga | B87: 2 | C87: =SUMPRODUCT((D24:D25<>"TDD")*IFERROR(D24:D25,0)) -> 0 | D87: =COUNTIF(D24:D25,"<>TDD")*10 -> 20 | E87: =IFERROR(C87/D87,0) -> 0
A88: Standar TKK 2.2.2 Evaluasi terhadap perjanjian kerja sama | B88: 2 | C88: =SUMPRODUCT((D27:D28<>"TDD")*IFERROR(D27:D28,0)) -> 0 | D88: =COUNTIF(D27:D28,"<>TDD")*10 -> 20 | E88: =IFERROR(C88/D88,0) -> 0
A89: Standar TKK 2.3 Pelayanan Point Of Care Test (POCT) | B89: 3 | C89: =SUMPRODUCT((D30:D32<>"TDD")*IFERROR(D30:D32,0)) -> 0 | D89: =COUNTIF(D30:D32,"<>TDD")*10 -> 30 | E89: =IFERROR(C89/D89,0) -> 0
A90: Standar TKK 3.1 Orientasi terhadap kebutuhan pelanggan | B90: 2 | C90: =SUMPRODUCT((D34:D35<>"TDD")*IFERROR(D34:D35,0)) -> 0 | D90: =COUNTIF(D34:D35,"<>TDD")*10 -> 20 | E90: =IFERROR(C90/D90,0) -> 0
A91: Standar TKK 3.2 Prosedur pelaporan hasil kritis | B91: 2 | C91: =SUMPRODUCT((D37:D38<>"TDD")*IFERROR(D37:D38,0)) -> 0 | D91: =COUNTIF(D37:D38,"<>TDD")*10 -> 20 | E91: =IFERROR(C91/D91,0) -> 0
A92: Standar TKK 4 Program peningkatan mutu pelayanan laboratorium kesehatan | B92: 3 | C92: =SUMPRODUCT((D40:D42<>"TDD")*IFERROR(D40:D42,0)) -> 0 | D92: =COUNTIF(D40:D42,"<>TDD")*10 -> 30 | E92: =IFERROR(C92/D92,0) -> 0
A93: Standar TKK 4.1 Pemantauan terhadap pelaksanaan program peningkatan mutu | B93: 4 | C93: =SUMPRODUCT((D44:D47<>"TDD")*IFERROR(D44:D47,0)) -> 0 | D93: =COUNTIF(D44:D47,"<>TDD")*10 -> 40 | E93: =IFERROR(C93/D93,0) -> 0
A94: Standar TKK 4.2 Kriteria pemeriksaan laboratorium kesehatan yang bermutu | B94: 2 | C94: =SUMPRODUCT((D49:D50<>"TDD")*IFERROR(D49:D50,0)) -> 0 | D94: =COUNTIF(D49:D50,"<>TDD")*10 -> 20 | E94: =IFERROR(C94/D94,0) -> 0
A95: Standar TKK 5 Pengumpulan dan analisis data | B95: 2 | C95: =SUMPRODUCT((D52:D53<>"TDD")*IFERROR(D52:D53,0)) -> 0 | D95: =COUNTIF(D52:D53,"<>TDD")*10 -> 20 | E95: =IFERROR(C95/D95,0) -> 0
A96: Standar TKK 7 Tindakan perbaikan untuk meningkatkan keamanan dan keselamatan | B96: 3 | C96: =SUMPRODUCT((D55:D57<>"TDD")*IFERROR(D55:D57,0)) -> 0 | D96: =COUNTIF(D55:D57,"<>TDD")*10 -> 30 | E96: =IFERROR(C96/D96,0) -> 0
A97: Standar TKK 8 Manajemen risiko | B97: 4 | C97: =SUMPRODUCT((D59:D62<>"TDD")*IFERROR(D59:D62,0)) -> 0 | D97: =COUNTIF(D59:D62,"<>TDD")*10 -> 40 | E97: =IFERROR(C97/D97,0) -> 0
A98: Standar TKK 9 Pemantauan dan peningkatan mutu | B98: 3 | C98: =SUMPRODUCT((D64:D66<>"TDD")*IFERROR(D64:D66,0)) -> 0 | D98: =COUNTIF(D64:D66,"<>TDD")*10 -> 30 | E98: =IFERROR(C98/D98,0) -> 0
A99: Standar TKK 10 Program peningkatan budaya keselamatan di laboratorium kesehatan | B99: 5 | C99: =SUMPRODUCT((D68:D72<>"TDD")*IFERROR(D68:D72,0)) -> 0 | D99: =COUNTIF(D68:D72,"<>TDD")*10 -> 50 | E99: =IFERROR(C99/D99,0) -> 0
A100: Standar TKK 10.1 Penetapan, pemantauan, dan perbaikan dalam peningkatan budaya keselamatan | B100: 5 | C100: =SUMPRODUCT((D74:D78<>"TDD")*IFERROR(D74:D78,0)) -> 0 | D100: =COUNTIF(D74:D78,"<>TDD")*10 -> 50 | E100: =IFERROR(C100/D100,0) -> 0
A101: TOTAL BAB II | B101: =SUM(B82:B100) -> 55 | C101: =SUM(C82:C100) -> 0 | D101: =SUM(D82:D100) -> 550 | E101: =IFERROR(C101/D101,0) -> 0

Sheet Bab III - MI (Rinci)
A1: Bab III. MANAJEMEN INFORMASI (MI) — KONTEN RESMI LENGKAP
A2: Sumber: Template Self Assessment Laboratorium Kesehatan resmi yang diberikan Bapak Hary Satrisno. Redaksi Elemen Penilaian dan Bukti/Telusur adalah teks ASLI.
A4: Standar | B4: No. EP | C4: Elemen Penilaian | D4: Skor Diri (0/5/10/TDD) | E4: Metode Telusur & Bukti | F4: Catatan / Rencana Tindak Lanjut
A5: Standar MI 1 Prosedur pengendalian dokumen — Terdapat prosedur pengendalian dokumen secara konsisten dan seragam
A6: Standar MI 1 Prosedur pengendalian dokumen | B6: 1 | C6: 1) Terdapat prosedur pengendalian dokumen yang mengacu kepada angka 1) sampai angka 7). | E6: [R] Regulasi : Prosedur pengendalian dokumen yang mengacu kepada angka 1) sampai angka 7)
A7: Standar MI 1 Prosedur pengendalian dokumen | B7: 2 | C7: 2) Terdapat format dokumen dan penyusunan dokumen sesuai dengan format yang telah ditetapkan. | E7: [R D] Regulasi : Tata Naskah Format dokumen
A8: Standar MI 2 Prosedur permintaan pemeriksaan — Terdapat prosedur permintaan pemeriksaan
A9: Standar MI 2 Prosedur permintaan pemeriksaan | B9: 1 | C9: 1) Terdapat prosedur permintaan pemeriksaan. | E9: [R] Regulasi : Prosedur permintaan pemeriksaan
A10: Standar MI 2 Prosedur permintaan pemeriksaan | B10: 2 | C10: 2) Terdapat kelengkapan identitas sesuai kriteria yang mencakup huruf a) sampai huruf n) pada angka 1) untuk laboratorium medis dan huruf a) sampai huruf j) pada angka 2) untuk laboratorium kesehatan masyarakat. | E10: [D] Formulir permintaan pemeriksaan sesuai kriteria yang mencakup huruf a) sampai huruf n) pada angka 1) untuk laboratorium medis dan huruf a) sampai huruf j) pada angka 2) untuk laboratorium kesehatan masyarakat.
A11: Standar MI 2 Prosedur permintaan pemeriksaan | B11: 3 | C11: 3) Terdapat bukti implementasi prosedur. | E11: [D] Bukti kepatuhan kelengkapan pengisian formulir permintaan pemeriksaan
A12: Standar MI 2.1 Prosedur pengambilan sampel/spesimen — Terdapat prosedur pengambilan sampel/spesimen untuk setiap pemeriksaan yang ada di laboratorium kesehatan
A13: Standar MI 2.1 Prosedur pengambilan sampel/spesimen | B13: 1 | C13: 1) Tersedia form permintaan pemeriksaan yang berisi jenis pelayanan serta dilengkapi dengan lembar persetujuan. | E13: [D] Form permintaan pemeriksaan yang dilengkapi lembar persetujuan
A14: Standar MI 2.1 Prosedur pengambilan sampel/spesimen | B14: 2 | C14: 2) Prosedur pengambilan sampel pada laboratorium kesehatan paling sedikit memuat huruf a) sampai huruf e). | E14: [R] Regulasi : Prosedur pengambilan sampel pada labkes paling sedikit memuat huruf a) sampai huruf e)
A15: Standar MI 2.1 Prosedur pengambilan sampel/spesimen | B15: 3 | C15: 3) Tersedia prosedur identifikasi pasien/sampel yang memuat paling sedikit 2 (dua) kriteria, contoh: nama, tanggal lahir, NIK, nomor register dan lain-lain. | E15: [R] Regulasi :Prosedur identifikasi pasien/sampel yang memuat palingsedikit 2 (dua) kriteria, contoh: nama, tanggal lahir, NIK, nomor register dan lain-lain.
A16: Standar MI 2.1 Prosedur pengambilan sampel/spesimen | B16: 4 | C16: 4) Penampungan sampel/spesimen diberi label identitas dengan paling sedikit 2 (dua) kriteria. | E16: [D O] Bukti pelabelan identitas pada penampungan sampel/spesimen Pelabelan identitas pada penampungan sampel/spesimen
A17: Standar MI 2.1 Prosedur pengambilan sampel/spesimen | B17: 5 | C17: 5) Ada bukti pengambilan sampel/spesimen mengikuti prosedur. | E17: [D W] Bukti penilaian kepatuhan terhadap prosedur pengambilan sampel/spesimen Petugas sampling
A18: Standar MI 2.2 Kebijakan dan prosedur penerimaan spesimen/sampel — Terdapat kebijakan dan prosedur penerimaan spesimen/sampel/
A19: Standar MI 2.2 Kebijakan dan prosedur penerimaan spesimen/sampel | B19: 1 | C19: 1) Terdapat prosedur penerimaan spesimen yang mencakup huruf a) sampai huruf h). | E19: [R] Regulasi :prosedur penerimaan spesimen/sampel yang mencakup huruf a) sampai huruf h)
A20: Standar MI 2.2 Kebijakan dan prosedur penerimaan spesimen/sampel | B20: 2 | C20: 2) Pelaksanaan penerimaan spesimen/sampel didokumentasikan. | E20: [D] Bukti dokumentasi penerimaan spesimen/sampel.
A21: Standar MI 2.2 Kebijakan dan prosedur penerimaan spesimen/sampel | B21: 3 | C21: 3) Tersedia kriteria penolakan spesimen/sampel. | E21: [R] Regulasi tentang kriteria penolakan spesimen/sampel
A22: Standar MI 3 Pemeriksaan laboratorium kesehatan dilaksanakan sesuai prosedur — Setiap pemeriksaan laboratorium dilaksanakan sesuai dengan prosedur
A23: Standar MI 3 Pemeriksaan laboratorium kesehatan dilaksanakan sesuai prosedur | B23: 1 | C23: 1) Tersedia prosedur pemeriksaan untuk setiap metode pemeriksaan yang memuat huruf a) sampai huruf i). | E23: [R] Regulasi : Prosedur pemeriksaan untuk setiap metode pemeriksaan yang memuat huruf a) sampai huruf i).
A24: Standar MI 3 Pemeriksaan laboratorium kesehatan dilaksanakan sesuai prosedur | B24: 2 | C24: 2) Terdapat bukti pelaksanaan prosedur untuk setiap pemeriksaan. | E24: [D] Bukti pelaksanaan prosedur untuk setiap pemeriksaan
A25: Standar MI 3 Pemeriksaan laboratorium kesehatan dilaksanakan sesuai prosedur | B25: 3 | C25: 3) Terdapat bukti kesesuaian rentang nilai rujukan yang ditetapkan dengan laporan hasil pemeriksaan. | E25: [D] Bukti laporan hasil pemeriksaan yang disertai nilai rujukan yang sudah ditetapkan.
A26: Standar MI 4 Kebijakan, pedoman/panduan, prosedur dan pelaksanaan pemantauan paska analitik — Laboratorium kesehatan menetapkan kebijakan, pedoman/panduan, prosedur dan pelaksanaan pemantauan paska analitik
A27: Standar MI 4 Kebijakan, pedoman/panduan, prosedur dan pelaksanaan pemantauan paska analitik | B27: 1 | C27: 1) Terdapat nama petugas yang melakukan pemeriksaan, verifikasi dan validasi. | E27: [D] Bukti laporan hasil pemeriksaan yang mencantumkan nama petugas yang melakukan pemeriksaan, verifikasi dan validasi.
A28: Standar MI 4 Kebijakan, pedoman/panduan, prosedur dan pelaksanaan pemantauan paska analitik | B28: 2 | C28: 2) Laporan hasil pemeriksaan mencakup huruf a) sampai huruf h) | E28: [D] Bukti laporan hasil pemeriksaan mencakup huruf a) sampai huruf h).
A29: Standar MI 4.1 Penetapan waktu tunggu pemeriksaan laboratorium kesehatan — Laboratorium kesehatan menetapkan waktu tunggu pemeriksaan laboratorium kesehatan.
A30: Standar MI 4.1 Penetapan waktu tunggu pemeriksaan laboratorium kesehatan | B30: 1 | C30: 1) Pimpinan laboratorium kesehatan menetapkan waktu tunggu setiap pemeriksaan. | E30: [R] Regulasi tentang penetapan waktu tunggu setiap pemeriksaan
A31: Standar MI 4.1 Penetapan waktu tunggu pemeriksaan laboratorium kesehatan | B31: 2 | C31: 2) Pimpinan laboratorium kesehatan menetapkan prosedur yang memuat cara untuk mengukur waktu tunggu pemeriksaan. | E31: [R] Regulasi : Prosedur yang memuat cara mengukur waktu tunggu pemeriksaan
A32: Standar MI 4.1 Penetapan waktu tunggu pemeriksaan laboratorium kesehatan | B32: 3 | C32: 3) Waktu tunggu pemeriksaan, diukur secara rutin, sesuai dengan prosedur. | E32: [D W] Bukti hasil pengukuran waktu tunggu pemeriksaan Penanggung jawab tiap unit, petugas administrasi dan petugas pelaksanaan pemeriksaan
A33: Standar MI 5 Prosedur Penyimpanan dan pemeliharaan dokumen, spesimen, sampel, sediaan, jaringan, dan blok — Penyimpanan dan pemeliharaan dokumen, spesimen, sampel, sediaan, jaringan, dan blok dilaksanakan sesuai prosedur.
A34: Standar MI 5 Prosedur Penyimpanan dan pemeliharaan dokumen, spesimen, sampel, sediaan, jaringan, dan blok | B34: 1 | C34: 1) Terdapat kebijakan dan prosedur tentang penyimpanan dokumen dan sampel, spesimen, sediaan, jaringan, blok untuk memenuhi huruf a) sampai huruf d) pada angka 1). | E34: [R] Regulasi : Kebijakan dan prosedur tentang penyimpanan dokumen dan sampel, spesimen, sediaan, jaringan, blok untuk memenuhi huruf a) sampai huruf d) pada angka 1).
A35: Standar MI 5 Prosedur Penyimpanan dan pemeliharaan dokumen, spesimen, sampel, sediaan, jaringan, dan blok | B35: 2 | C35: 2) Kebijakan mencakup syarat kondisi lingkungan yang layak untuk penyimpanan sampel, spesimen, sediaan, jaringan, blok. | E35: [R] Regulasi : Kebijakan tentang syarat kondisi lingkungan yang layak untuk penyimpanan sampel, spesimen, sediaan, jaringan, blok.
A36: Standar MI 5 Prosedur Penyimpanan dan pemeliharaan dokumen, spesimen, sampel, sediaan, jaringan, dan blok | B36: 3 | C36: 3) Rentang waktu penyimpanan untuk huruf a) sampai huruf g) pada angka 2) yang ditentukan sesuai dengan ketentuan peraturan perundang-undangan. | E36: [R] Regulasi tentang penetapan rentang waktu penyimpanan untuk huruf a) sampai huruf g) pada angka 2)
A37: Standar MI 5 Prosedur Penyimpanan dan pemeliharaan dokumen, spesimen, sampel, sediaan, jaringan, dan blok | B37: 4 | C37: 4) Laboratorium kesehatan mematuhi rentang waktu penyimpanan dokumen yang sudah ditetapkan untuk huruf g) pada angka 2). | E37: [D W O] Bukti penyimpanan dokumen huruf g) pada angka 2) sesuai rentang waktu penyimpanan yang sudah ditetapkan Penanggung jawab tiap unit Observasi dokumen sesuai huruf g) pada angka 2)
A38: Standar MI 5 Prosedur Penyimpanan dan pemeliharaan dokumen, spesimen, sampel, sediaan, jaringan, dan blok | B38: 5 | C38: 5) Terdapat bukti penilaian kepatuhan terhadap prosedur penyimpanan. | E38: [D] Bukti kepatuhan penyimpanan dokumen sesuai regulasi yang sudah ditetapkan
A39: Standar MI 5 Prosedur Penyimpanan dan pemeliharaan dokumen, spesimen, sampel, sediaan, jaringan, dan blok | B39: 6 | C39: 6) Ada tindakan perbaikan bila terdapat ketidaksesuaian dengan prosedur yang ditetapkan | E39: [D] Bukti tindakan perbaikan bila terdapat ketidaksesuaian dengan prosedur yang ditetapkan
A41: RINGKASAN CAPAIAN BAB III
A42: Standar | B42: Jumlah EP | C42: Total Skor | D42: Skor Maksimal | E42: Capaian (%)
A43: Standar MI 1 Prosedur pengendalian dokumen | B43: 2 | C43: =SUMPRODUCT((D6:D7<>"TDD")*IFERROR(D6:D7,0)) -> 0 | D43: =COUNTIF(D6:D7,"<>TDD")*10 -> 20 | E43: =IFERROR(C43/D43,0) -> 0
A44: Standar MI 2 Prosedur permintaan pemeriksaan | B44: 3 | C44: =SUMPRODUCT((D9:D11<>"TDD")*IFERROR(D9:D11,0)) -> 0 | D44: =COUNTIF(D9:D11,"<>TDD")*10 -> 30 | E44: =IFERROR(C44/D44,0) -> 0
A45: Standar MI 2.1 Prosedur pengambilan sampel/spesimen | B45: 5 | C45: =SUMPRODUCT((D13:D17<>"TDD")*IFERROR(D13:D17,0)) -> 0 | D45: =COUNTIF(D13:D17,"<>TDD")*10 -> 50 | E45: =IFERROR(C45/D45,0) -> 0
A46: Standar MI 2.2 Kebijakan dan prosedur penerimaan spesimen/sampel | B46: 3 | C46: =SUMPRODUCT((D19:D21<>"TDD")*IFERROR(D19:D21,0)) -> 0 | D46: =COUNTIF(D19:D21,"<>TDD")*10 -> 30 | E46: =IFERROR(C46/D46,0) -> 0
A47: Standar MI 3 Pemeriksaan laboratorium kesehatan dilaksanakan sesuai prosedur | B47: 3 | C47: =SUMPRODUCT((D23:D25<>"TDD")*IFERROR(D23:D25,0)) -> 0 | D47: =COUNTIF(D23:D25,"<>TDD")*10 -> 30 | E47: =IFERROR(C47/D47,0) -> 0
A48: Standar MI 4 Kebijakan, pedoman/panduan, prosedur dan pelaksanaan pemantauan paska analitik | B48: 2 | C48: =SUMPRODUCT((D27:D28<>"TDD")*IFERROR(D27:D28,0)) -> 0 | D48: =COUNTIF(D27:D28,"<>TDD")*10 -> 20 | E48: =IFERROR(C48/D48,0) -> 0
A49: Standar MI 4.1 Penetapan waktu tunggu pemeriksaan laboratorium kesehatan | B49: 3 | C49: =SUMPRODUCT((D30:D32<>"TDD")*IFERROR(D30:D32,0)) -> 0 | D49: =COUNTIF(D30:D32,"<>TDD")*10 -> 30 | E49: =IFERROR(C49/D49,0) -> 0
A50: Standar MI 5 Prosedur Penyimpanan dan pemeliharaan dokumen, spesimen, sampel, sediaan, jaringan, dan blok | B50: 6 | C50: =SUMPRODUCT((D34:D39<>"TDD")*IFERROR(D34:D39,0)) -> 0 | D50: =COUNTIF(D34:D39,"<>TDD")*10 -> 60 | E50: =IFERROR(C50/D50,0) -> 0
A51: TOTAL BAB III | B51: =SUM(B43:B50) -> 27 | C51: =SUM(C43:C50) -> 0 | D51: =SUM(D43:D50) -> 270 | E51: =IFERROR(C51/D51,0) -> 0

Sheet Bab IV - KKS (Rinci)
A1: Bab IV. KUALIFIKASI DAN KOMPETENSI STAF (KKS) — KONTEN RESMI LENGKAP
A2: Sumber: Template Self Assessment Laboratorium Kesehatan resmi yang diberikan Bapak Hary Satrisno. Redaksi Elemen Penilaian dan Bukti/Telusur adalah teks ASLI.
A4: Standar | B4: No. EP | C4: Elemen Penilaian | D4: Skor Diri (0/5/10/TDD) | E4: Metode Telusur & Bukti | F4: Catatan / Rencana Tindak Lanjut
A5: Standar KKS 1 Kualifikasi dan kompetensi SDM — Pimpinan laboratorium kesehatan menetapkan persyaratan kualifikasi dan kompetensi bagi SDM laboratorium kesehatan
A6: Standar KKS 1 Kualifikasi dan kompetensi SDM | B6: 1 | C6: 1) Pimpinan laboratorium kesehatan menyusun perencanaan SDM laboratorium kesehatan sesuai kebutuhan, berdasarkan visi dan misi laboratorium kesehatan, analisis beban kerja, dan teknologi kesehatan yang digunakan di laboratorium kesehatan. | E6: [D] Bukti perhitungan kebutuhan SDM berdasarkan Analisis Beban Kerja (ABK)
A7: Standar KKS 1 Kualifikasi dan kompetensi SDM | B7: 2 | C7: 2) Pimpinan laboratorium kesehatan menetapkan persyaratan kualifikasi dan kompetensi bagi SDM laboratorium kesehatan sesuai dengan tugas pokok dan fungsi. | E7: [R] Regulasi Manajemen SDM meliputi perencanaan dan pengelolaan, pendidikan dan pelatihan, kesehatan dan keselamatan kerja.
A8: Standar KKS 1 Kualifikasi dan kompetensi SDM | B8: 3 | C8: 3) Tersedia SDM laboratorium kesehatan yang memiliki kualifikasi dan kompetensi sesuai dengan kebutuhan laboratorium kesehatan. | E8: [D] Data Kepegawaian sesuai kualifikasi dan kompetensi sesuai dengan kebutuhan laboratorium kesehatan.
A9: Standar KKS 1.1 Tanggung jawab dan uraian tugas SDM — SDM laboratorium kesehatan memiliki tanggung jawab sesuai dengan uraian tugas
A10: Standar KKS 1.1 Tanggung jawab dan uraian tugas SDM | B10: 1 | C10: 1) Setiap petugas memiliki uraian tugas | E10: [R] Regulasi Uraian Tugas: (SK petugas yang dilengkapi dengan uraian tugas)
A11: Standar KKS 1.1 Tanggung jawab dan uraian tugas SDM | B11: 2 | C11: 2) Uraian tugas mencakup huruf a) dan huruf b) sesuai dengan tugas dan tanggung jawabnya. | E11: [D] Bukti uraian tugas mencakup huruf (a) dan huruf (b) sesuai dengan tugas dan tanggung jawabnya.
A12: Standar KKS 1.1.1 Dokumen Kompetensi SDM
A13: Standar KKS 1.1.1 Dokumen Kompetensi SDM | B13: 1 | C13: 1) Terdapat Ijazah, STR dan surat izin untuk menjalankan praktek profesional untuk tenaga medis dan tenaga kesehatan serta terdapat ijazah untuk tenaga non kesehatan di laboratorium kesehatan. | E13: [D] Tenaga Medis dan tenaga kesehatan: jazah, STR dan SIP. Tenaga non kesehatan: ijazah
A14: Standar KKS 1.1.1 Dokumen Kompetensi SDM | B14: 2 | C14: 2) Terdapat bukti verifikasi ijazah, STR dan surat izin untuk menjalankan praktek profesional dari laboratorium kesehatan ke lembaga pendidikan/organisasi profesi yang mengeluarkan ijazah, STR dan surat izin untuk menjalankan praktek professional. | E14: [D W] Bukti verifikasi ijazah, STR dan SIP dari Laboratorium Kesehatan ke lembaga pendidikan / organisasi profesi yang mengeluarkan ijazah, STR dan SIP Kepala Tata Usaha Labkes/ Kepegawaian Labkes
A15: Standar KKS 1.2 Kualifikasi dan keahlian koordinator/penanggungjawab laboratorium kesehatan
A16: Standar KKS 1.2 Kualifikasi dan keahlian koordinator/penanggungjawab laboratorium kesehatan | B16: 1 | C16: 1) Koordinator/penanggung jawab laboratorium kesehatan memiliki kualifikasi, kompetensi dan pengalaman yang sesuai dengan tugas dan tanggungjawabnya. | E16: [D W] File kepegawaian koordinator/penanggung jawab laboratorium kesehatan sesuai kualifikasi, kompetensi dan pengalaman yang sesuai dengan tugas dan tanggung jawabnya. Kepala Tata Usaha Labkes/Kepegawaian Labkes dan Penanggung Jawab Labkes.
A17: Standar KKS 1.2 Kualifikasi dan keahlian koordinator/penanggungjawab laboratorium kesehatan | B17: 2 | C17: 2) Terdapat penetapan Koordinator/ penanggung jawab laboratorium kesehatan oleh pimpinan laboratorium kesehatan sesuai dengan peraturan perundang-undangan. | E17: [R] Regulasi: SK penetapan koordinator/penanggung jawab Laboratorium Kesehatan sesuai dengan peraturan perundang-undangan.
A18: Standar KKS 2 Program orientasi bagi SDM — SDM laboratorium kesehatan yang baru mengikuti program orientasi sebelum bertugas agar memahami tugas dan tanggung jawab di laboratorium kesehatan.
A19: Standar KKS 2 Program orientasi bagi SDM | B19: 1 | C19: 1) Semua SDM laboratorium kesehatan mengikuti program orientasi. | E19: [R D W] Program orientasi bagi SDM pemula, pegawai yang dirotasi di dalam lingkungan labkes, petugas dalam program pendidikan dan petugas magang sesuai maksud dan tujuan. Bukti pelaksanaan orientasi semua SDM Labkes Semua SDM Labkes
A20: Standar KKS 2 Program orientasi bagi SDM | B20: 2 | C20: 2) Pelaksanaan orientasi didokumentasikan. | E20: [D] Dokumentasi pelaksanaan orientasi
A21: Standar KKS 2.1 Program pelatihan dan pendidikan berkelanjutan bagi setiap SDM laboratorium kesehatan — Terdapat program pelatihan dan pendidikan berkelanjutan bagi setiap SDM laboratorium kesehatan untuk meningkatkan ketrampilan, pengetahuan dan kompete
A22: Standar KKS 2.1 Program pelatihan dan pendidikan berkelanjutan bagi setiap SDM laboratorium kesehatan | B22: 1 | C22: 1) Terdapat bukti identifikasi kebutuhan pelatihan dan/atau pendidikan berkelanjutan yang memuat paling sedikit salah satu dari huruf a) sampai huruf g). | E22: [D W] Bukti Identifikasi kebutuhan pelatihan dan/atau pendidikan berkelanjutan yang memuat paling sedikit salah satu huruf a) sampai huruf g). Kepala Tata Usaha/Kepegawain Labkes, Penanggung Jawab Tiap Unit.
A23: Standar KKS 2.1 Program pelatihan dan pendidikan berkelanjutan bagi setiap SDM laboratorium kesehatan | B23: 2 | C23: 2) Terdapat program pelatihan dan pendidikan berkelanjutan bagi SDM laboratorium kesehatan. | E23: [R] Program pelatihan dan Program pelatihan dan pendidikan berkelanjutan bagi SDM Labkes.
A24: Standar KKS 2.1 Program pelatihan dan pendidikan berkelanjutan bagi setiap SDM laboratorium kesehatan | B24: 3 | C24: 3) Terdapat bukti pelaksanaan kegiatan pelatihan dan pendidikan berkelanjutan. | E24: [D W] Bukti pelaksanaan kegiatan pelatihan dan pendidikan berkelanjutan. Kepala Tata Usaha/Kepegawaian Labkes, Penanggung Jawab Tiap Unit
A25: Standar KKS 3 Pemantauan, penilaian, evaluasi terhadap kinerja dan kompetensi SDM laboratorium kesehatan — Pemantauan, penilaian, evaluasi terhadap kinerja dan kompetensi SDM laboratorium kesehatan paling singkat 1 (satu) tahun sekali
A26: Standar KKS 3 Pemantauan, penilaian, evaluasi terhadap kinerja dan kompetensi SDM laboratorium kesehatan | B26: 1 | C26: 1) Terdapat kebijakan/prosedur evaluasi kinerja dan kompetensi SDM laboratorium kesehatan. | E26: [R] Regulasi: (Kebijakan/Prosedur) evaluasi kinerja dan kompetensi SDM Labkes
A27: Standar KKS 3 Pemantauan, penilaian, evaluasi terhadap kinerja dan kompetensi SDM laboratorium kesehatan | B27: 2 | C27: 2) Terdapat instrumen dan indikator penilaian kinerja dan kompetensi SDM laboratorium kesehatan. | E27: [D W] Bukti penilaian kinerja dan kompetensi SDM Labkes berupa instrumen (Checklist) yang berisi indikator penilaian kinerja dan kompetensi SDM Labkes. Kepala Labkes, Kepala Tata Usaha/Kepegawaian Labkes, Penanggung Jawab Tiap Unit dan SDM terkait.,
A28: Standar KKS 3.1 Dokumen data kepegawaian SDM — Dokumen data kepegawaian SDM Laboratorium kesehatan
A29: Standar KKS 3.1 Dokumen data kepegawaian SDM | B29: 1 | C29: 1) Laboratorium kesehatan menetapkan isi file data kepegawaian. | E29: [R] Regulasi: Kebijakan/Pedoman/Prosedur file kepegawaian yang meliputi angka1) sd 6) sesuai maksud dan tujuan.
A30: Standar KKS 3.1 Dokumen data kepegawaian SDM | B30: 2 | C30: 2) Terdapat bukti data kepegawaian yang mencakup angka 1) sampai angka 6). | E30: [D O W] Data Kepegawaian yang mencakup angka 1) sampai angka 6) File Kepegawaian Kepala Labkes, Kepala Tata Usaha/Kepegawaian Labkes, dan SDM Labkes
A31: Standar KKS 3.1 Dokumen data kepegawaian SDM | B31: 3 | C31: 3) Laboratorium kesehatan menetapkan penanggung jawab dokumen kepegawaian. | E31: [R] Regulasi: SK penetapan penanggung jawab dokumen kepegawaian
A32: Standar KKS 4 Program kesehatan dan keselamatan kerja SDM laboratorium kesehatan — Laboratorium kesehatan mempunyai program kesehatan dan keselamatan kerja SDM laboratorium
A33: Standar KKS 4 Program kesehatan dan keselamatan kerja SDM laboratorium kesehatan | B33: 1 | C33: 1) Terdapat program kesehatan dan keselamatan kerja serta program pemeriksaan kesehatan SDM di laboratorium kesehatan sesuai dengan ketentuan peraturan perundang-undangan. | E33: [R] Program kesehatan dan keselamatan kerja serta pemeriksaan kesehatan SDM di Laboratorium kesehatan.
A34: Standar KKS 4 Program kesehatan dan keselamatan kerja SDM laboratorium kesehatan | B34: 2 | C34: 2) Terdapat implementasi program kesehatan dan keselamatan kerja serta program pemeriksaan kesehatan SDM laboratorium kesehatan secara berkala. | E34: [D W] Bukti pelaksanaan program kesehatan dan keselamatan kerja serta program pemeriksaan kesehatan SDM Laboratorium Kesehatan secara berkala. Kepala Labkes, Kepala Tata Usaha/Kepegawaian Labkes, SDM Labkes
A35: Standar KKS 4 Program kesehatan dan keselamatan kerja SDM laboratorium kesehatan | B35: 3 | C35: 3) Dilakukan evaluasi dan tindak lanjut bagi SDM laboratorium kesehatan yang mengalami cedera akibat kecelakan kerja. | E35: [D] Bukti evaluasi dan tindak lanjut bagi SDM Laboratorium Kesehatan yang mengalami cedera akibat kecelakan kerja
A37: RINGKASAN CAPAIAN BAB IV
A38: Standar | B38: Jumlah EP | C38: Total Skor | D38: Skor Maksimal | E38: Capaian (%)
A39: Standar KKS 1 Kualifikasi dan kompetensi SDM | B39: 3 | C39: =SUMPRODUCT((D6:D8<>"TDD")*IFERROR(D6:D8,0)) -> 0 | D39: =COUNTIF(D6:D8,"<>TDD")*10 -> 30 | E39: =IFERROR(C39/D39,0) -> 0
A40: Standar KKS 1.1 Tanggung jawab dan uraian tugas SDM | B40: 2 | C40: =SUMPRODUCT((D10:D11<>"TDD")*IFERROR(D10:D11,0)) -> 0 | D40: =COUNTIF(D10:D11,"<>TDD")*10 -> 20 | E40: =IFERROR(C40/D40,0) -> 0
A41: Standar KKS 1.1.1 Dokumen Kompetensi SDM | B41: 2 | C41: =SUMPRODUCT((D13:D14<>"TDD")*IFERROR(D13:D14,0)) -> 0 | D41: =COUNTIF(D13:D14,"<>TDD")*10 -> 20 | E41: =IFERROR(C41/D41,0) -> 0
A42: Standar KKS 1.2 Kualifikasi dan keahlian koordinator/penanggungjawab laboratorium kesehatan | B42: 2 | C42: =SUMPRODUCT((D16:D17<>"TDD")*IFERROR(D16:D17,0)) -> 0 | D42: =COUNTIF(D16:D17,"<>TDD")*10 -> 20 | E42: =IFERROR(C42/D42,0) -> 0
A43: Standar KKS 2 Program orientasi bagi SDM | B43: 2 | C43: =SUMPRODUCT((D19:D20<>"TDD")*IFERROR(D19:D20,0)) -> 0 | D43: =COUNTIF(D19:D20,"<>TDD")*10 -> 20 | E43: =IFERROR(C43/D43,0) -> 0
A44: Standar KKS 2.1 Program pelatihan dan pendidikan berkelanjutan bagi setiap SDM laboratorium kesehatan | B44: 3 | C44: =SUMPRODUCT((D22:D24<>"TDD")*IFERROR(D22:D24,0)) -> 0 | D44: =COUNTIF(D22:D24,"<>TDD")*10 -> 30 | E44: =IFERROR(C44/D44,0) -> 0
A45: Standar KKS 3 Pemantauan, penilaian, evaluasi terhadap kinerja dan kompetensi SDM laboratorium kesehatan | B45: 2 | C45: =SUMPRODUCT((D26:D27<>"TDD")*IFERROR(D26:D27,0)) -> 0 | D45: =COUNTIF(D26:D27,"<>TDD")*10 -> 20 | E45: =IFERROR(C45/D45,0) -> 0
A46: Standar KKS 3.1 Dokumen data kepegawaian SDM | B46: 3 | C46: =SUMPRODUCT((D29:D31<>"TDD")*IFERROR(D29:D31,0)) -> 0 | D46: =COUNTIF(D29:D31,"<>TDD")*10 -> 30 | E46: =IFERROR(C46/D46,0) -> 0
A47: Standar KKS 4 Program kesehatan dan keselamatan kerja SDM laboratorium kesehatan | B47: 3 | C47: =SUMPRODUCT((D33:D35<>"TDD")*IFERROR(D33:D35,0)) -> 0 | D47: =COUNTIF(D33:D35,"<>TDD")*10 -> 30 | E47: =IFERROR(C47/D47,0) -> 0
A48: TOTAL BAB IV | B48: =SUM(B39:B47) -> 22 | C48: =SUM(C39:C47) -> 0 | D48: =SUM(D39:D47) -> 220 | E48: =IFERROR(C48/D48,0) -> 0

Sheet Bab V - MFK (Rinci)
A1: Bab V. MANAJEMEN FASILITAS DAN KESELAMATAN (MFK) — KONTEN RESMI LENGKAP
A2: Sumber: Template Self Assessment Laboratorium Kesehatan resmi yang diberikan Bapak Hary Satrisno. Redaksi Elemen Penilaian dan Bukti/Telusur adalah teks ASLI.
A4: Standar | B4: No. EP | C4: Elemen Penilaian | D4: Skor Diri (0/5/10/TDD) | E4: Metode Telusur & Bukti | F4: Catatan / Rencana Tindak Lanjut
A5: Standar MFK 1 Standar Fasilitas — Pelayanan laboratorium kesehatan yang berkualitas perlu didukung dengan ketersediaan fasilitas sesuai standar dan klasifikasi laboratorium kesehatan,
A6: Standar MFK 1 Standar Fasilitas | B6: 1 | C6: 1) Terdapat kebijakan dan pedoman pengelolaan fasilitas sesuai dengan ketentuan peraturan perundang-undangan. | E6: [R] Regulasi : Kebijakan dan Pedoman pengelolaan fasilitas sesuai peraturan perundang-undangan
A7: Standar MFK 1 Standar Fasilitas | B7: 2 | C7: 2) Terdapat bukti implementasi pemenuhan standar fasilitas laboratorium kesehatan. | E7: [D W] Bukti implementasi pemenuhan standar fasilitas labkes (misalnya : inventarisasi fasilitas Laboratorium Kesehatan, analisis pemenuhan sesuai standar dan tindaklanjutnya) Pimpinan labkes
A8: Standar MFK 1 Standar Fasilitas | B8: 3 | C8: 3) Terdapat bukti evaluasi pemanfaatan fasilitas secara berkala dan ditindaklanjuti. | E8: [D] Bukti evaluasi dan tindak lanjut pemanfaatan fasilitas secara berkala
A9: Standar MFK 2 Standar ruang pelayanan — Ruangan untuk seluruh pelayanan sesuai standar
A10: Standar MFK 2 Standar ruang pelayanan | B10: 1 | C10: 1) Terdapat denah ruangan dan perlengkapan yang memadai untuk menjamin keamanan dan efektifitas pelayanan | E10: [D] Denah ruangan dan perlengkapan yang memadai untuk menjamin keamanan dan efektifitas pelayanan
A11: Standar MFK 2 Standar ruang pelayanan | B11: 2 | C11: 2) Terdapat ruang laboratorium yang aman dan nyaman untuk petugas, pasien dan pengunjung sesuai standar | E11: [O] Ruangan laboratorium yang aman dan nyaman untuk petugas, pasien dan pengunjung sesuai standar
A12: Standar MFK 2 Standar ruang pelayanan | B12: 3 | C12: 3) Terdapat ruang yang cukup untuk pelayanan mulai dari pengambilan, pengelolaan dan pemeriksaan sampel/spesimen | E12: [O] Ruangan yang cukup untuk pelayanan mulai dari pengambilan, pengelolaan dan pemeriksaan sampel/spesimen
A13: Standar MFK 2 Standar ruang pelayanan | B13: 4 | C13: 4) Terdapat ruang penempatan alat yang mudah diakses dan mempunyai ventilasi baik | E13: [O] Ruangan penyimpanan alat yang mudah diakses dan mempunyai ventilasi baik
A14: Standar MFK 2 Standar ruang pelayanan | B14: 5 | C14: 5) Terdapat ruang pengambilan sampel/spesimen yang memenuhi kriteria huruf a) sampai huruf e). | E14: [O] Ruang pengambilan sampel/spesimen yang memenuhi kriteria huruf a) sampai huruf e)
A15: Standar MFK 2 Standar ruang pelayanan | B15: 6 | C15: 6) Terdapat bukti bahwa sanitasi dan kebersihan seluruh area pelayanan terjamin sesuai standar | E15: [O] Sanitasi dan kebersihan seluruh area pelayanan terjamin sesuai standar
A16: Standar MFK 2.1 Standar ruang penyimpanan reagen, cairan, gas — Ruang penyimpanan reagen, cairan, gas yang mudah terbakar dan bahan-bahan lain yang dibutuhkan tersedia secara memadai dan terpelihara.
A17: Standar MFK 2.1 Standar ruang penyimpanan reagen, cairan, gas | B17: 1 | C17: 1) Terdapat pedoman/Standar Prosedur Operasional (SPO) tentang penyimpanan reagen, cairan, gas yang mudah terbakar dan bahan-bahan lainnya. | E17: [R] Regulasi : Pedoman/SPO tentang penyimpanan reagen, cairan, gas yang mudah terbakar dan bahan-bahan lainnya
A18: Standar MFK 2.1 Standar ruang penyimpanan reagen, cairan, gas | B18: 2 | C18: 2) Terdapat ruang penyimpanan reagen, cairan, gas yang mudah terbakar dan bahan-bahan lain yang dibutuhkan sesuai standar | E18: [O] Ruang penyimpanan reagen, cairan, gas yang mudah terbakar dan bahan-bahan lain yang dibutuhkan sesuai standar
A19: Standar MFK 2.1 Standar ruang penyimpanan reagen, cairan, gas | B19: 3 | C19: 3) Terdapat kontrol suhu dan kelembaban ruang penyimpanan. | E19: [D] Bukti monitoring kontrol suhu dan kelembaban ruang penyimpanan.
A20: Standar MFK 2.1 Standar ruang penyimpanan reagen, cairan, gas | B20: 4 | C20: 4) Terdapat bukti tertulis pemeliharaan ruang penyimpanan reagen, cairan, gas yang mudah terbakar dan bahan-bahan lainnya. | E20: [D] Bukti pemeliharaan ruang penyimpanan reagen, cairan, gas yang mudah terbakar dan bahan-bahan lainnya.
A21: Standar MFK 2.2 Keamanan dan kerahasiaan dokumen — Dokumen laboratorium kesehatan terjamin keamanan dan kerahasiaannya
A22: Standar MFK 2.2 Keamanan dan kerahasiaan dokumen | B22: 1 | C22: 1) Terdapat bukti kebijakan untuk menjaga kerahasiaan, keamanan, privasi, integritas data dan informasi. | E22: [R] Regulasi : kebijakan untuk menjaga kerahasiaan, keamanan, privasi, integritas data dan informasi
A23: Standar MFK 2.2 Keamanan dan kerahasiaan dokumen | B23: 2 | C23: 2) Terdapat bukti bahwa data dan informasi terjaga dari kerusakan. | E23: [D O] Daftar inventarisasi fasilitas labkes untuk menjaga keamanan data dan informasi terlindungi dari kerusakan Fasilitas labkes mendukung keamanan data dan informasi terlindungi dari kerusakan
A24: Standar MFK 2.2 Keamanan dan kerahasiaan dokumen | B24: 3 | C24: 3) Terdapat bukti bahwa hanya petugas yang berwenang yang dapat mengakses data dan informasi | E24: [D W] Daftar petugas yang berwenang yang dapat mengakses data dan informasi. Petugas labkes
A25: Standar MFK 2.2 Keamanan dan kerahasiaan dokumen | B25: 4 | C25: 4) Terdapat bukti penyimpanan data dan informasi yang terpelihara. | E25: [D] Bukti pemeliharaan penyimpanan data dan informasi secara berkala
A26: Standar MFK 3 Program pengelolaan prasarana — Program pengelolaan prasarana yang efektif dan efisien
A27: Standar MFK 3 Program pengelolaan prasarana | B27: 1 | C27: 1) Terdapat dokumen penetapan periode waktu pemeliharaan prasarana dengan mengacu pada tingkat risiko atau referensi lain. | E27: [R] Regulasi tentang penetapan periode waktu pemeliharaan prasarana dengan mengacu pada tingkat risiko atau referensi lain
A28: Standar MFK 3 Program pengelolaan prasarana | B28: 2 | C28: 2) Terdapat daftar prasarana yang sesuai pada maksud dan tujuan. | E28: [D] Daftar prasarana yang sesuai pada maksud dan tujuan
A29: Standar MFK 3 Program pengelolaan prasarana | B29: 3 | C29: 3) Terdapat pemantauan, pengujian dan pemeliharaan semua prasarana laboratorium kesehatan untuk memastikan bahwa semua prasarana terpelihara dan berfungsi dengan baik. | E29: [D] Bukti pemantauan, pengujian dan pemeliharaan semua prasarana laboratorium kesehatan untuk memastikan bahwa semua prasarana terpelihara dan berfungsi dengan baik.
A30: Standar MFK 3 Program pengelolaan prasarana | B30: 4 | C30: 4) Terdapat petunjuk untuk pemadaman darurat. | E30: [R] Regulasi tentang petunjuk pemadaman utilitas pada kondisi darurat
A31: Standar MFK 3.1 Pemantauan, pemeliharaan dan perbaikan prasarana — Dilakukan pemantauan, pemeliharaan dan perbaikan terhadap prasarana secara berkala sesuai peraturan perundang-undangan.
A32: Standar MFK 3.1 Pemantauan, pemeliharaan dan perbaikan prasarana | B32: 1 | C32: 1) Terdapat pengawasan terhadap prasarana yang dilakukan sesuai kriteria yang ditetapkan. | E32: [D O W] Bukti pengawasan terhadap prasarana yang dilakukan sesuai kriteria yang ditetapkan (contoh: check list pemantauan harian) Sistem utilitas Pimpinan labkes dan petugas terkait
A33: Standar MFK 3.1 Pemantauan, pemeliharaan dan perbaikan prasarana | B33: 2 | C33: 2) Terdapat pengujian prasarana sesuai kriteria yang ditetapkan | E33: [D] Bukti pengujian prasarana sesuai kriteria yang ditetapkan
A34: Standar MFK 3.1 Pemantauan, pemeliharaan dan perbaikan prasarana | B34: 3 | C34: 3) Terdapat pemeliharaan prasarana sesuai kriteria yang ditetapkan | E34: [D] Bukti pemeliharaan prasarana sesuai kriteria yang ditetapkan
A35: Standar MFK 3.2 Prasarana yang bersifat kritis dan ketersediaan sumber alternatif — Pemeliharaan prasarana yang bersifat kritis dan ketersediaan sumber alternatif secara berkala sesuai dengan ketentuan peraturan perundang-undangan.
A36: Standar MFK 3.2 Prasarana yang bersifat kritis dan ketersediaan sumber alternatif | B36: 1 | C36: 1) Terdapat prosedur untuk melakukan pengujian prasarana yang bersifat kritis. | E36: [R] Regulasi : Prosedur pengujian prasarana yang bersifat kritis.
A37: Standar MFK 3.2 Prasarana yang bersifat kritis dan ketersediaan sumber alternatif | B37: 2 | C37: 2) Terdapat dokumentasi inspeksi, hasil pengujian, dan pemantauan prasarana yang bersifat kritis. | E37: [D] Bukti hasil inspeksi, pengujian, dan pemantauan prasarana yang bersifat kritis
A38: Standar MFK 3.2 Prasarana yang bersifat kritis dan ketersediaan sumber alternatif | B38: 3 | C38: 3) Terdapat bukti tindakan perbaikan jika diperlukan. | E38: [D] Bukti tindakan perbaikan jika diperlukan
A39: Standar MFK 4.1 Uji fungsi, inspeksi, pemeliharaan, kalibrasi. — Laboratorium kesehatan menetapkan regulasi yang mengatur tentang uji fungsi, inspeksi, pemeliharaan, kalibrasi secara berkala terhadap semua peralatan
A40: Standar MFK 4.1 Uji fungsi, inspeksi, pemeliharaan, kalibrasi. | B40: 1 | C40: 1) Terdapat regulasi dan program pengelolaan peralatan. | E40: [R] Regulasi : program pengelolaan peralatan
A41: Standar MFK 4.1 Uji fungsi, inspeksi, pemeliharaan, kalibrasi. | B41: 2 | C41: 2) Terdapat daftar inventaris semua peralatan. | E41: [D] Daftar inventaris semua peralatan.
A42: Standar MFK 4.1 Uji fungsi, inspeksi, pemeliharaan, kalibrasi. | B42: 3 | C42: 3) Terdapat dokumen bukti inspeksi dan uji fungsi secara berkala sesuai dengan aturan yang berlaku. | E42: [D] Bukti inspeksi dan uji fungsi baik secara berkala sesuai dengan aturan yang berlaku
A43: Standar MFK 4.1 Uji fungsi, inspeksi, pemeliharaan, kalibrasi. | B43: 4 | C43: 4) Terdapat bukti pelaksanaan Tindakan huruf a) sampai huruf g) dan didokumentasikan. | E43: [D] Bukti pelaksaan tindakan huruf a) sampai huruf g) dan didokumentasikan
A44: Standar MFK 4.1 Uji fungsi, inspeksi, pemeliharaan, kalibrasi. | B44: 5 | C44: 5) Terdapat petugas yang kompeten untuk melakukan pemantauan dan pemeliharaan peralatan. | E44: [D W] File kepegawaian berisi kompetensi petugas yang melakukan pemantauan dan pemeliharaan peralatan. Kepala TU/Kepegawaian dan petugas terkait
A45: Standar MFK 4.1.1 Riwayat penggunaan peralatan — Pencatatan riwayat penggunaan setiap peralatan yang digunakan
A46: Standar MFK 4.1.1 Riwayat penggunaan peralatan | B46: 1 | C46: 1) Terdapat pencatatan riwayat penggunaan untuk setiap peralatan laboratorium kesehatan berisi informasi yang diperlukan mencakup huruf a) hingga huruf f). | E46: [D] Bukti pencatatan riwayat penggunaan untuk setiap peralatan laboratorium kesehatan berisi informasi yang diperlukan mencakup huruf a) hingga huruf f).
A47: Standar MFK 4.1.1 Riwayat penggunaan peralatan | B47: 2 | C47: 2) Terdapat pencatatan penggunaan harian, mingguan, atau bulanan dan memastikan apakah peralatan masih berfungsi dengan baik. | E47: [D] Bukti pencatatan penggunaan harian, mingguan, atau bulanan dan memastikan apakah peralatan masih berfungsi dengan baik.
A48: Standar MFK 4.1.1 Riwayat penggunaan peralatan | B48: 3 | C48: 3) Semua catatan dilengkapi dengan tanggal dan nama petugas yang bertanggung jawab. | E48: [D W] Bukti pencatatan yang dilengkapi dengan tanggal dan nama petugas yang bertanggung jawab. Petugas terkait
A49: Standar MFK 4.2 Pengelolaan komputer dan perangkat lunak — Komputer dan perangkat lunak divalidasi/ diverifikasi dan dipelihara sebelum digunakan.
A50: Standar MFK 4.2 Pengelolaan komputer dan perangkat lunak | B50: 1 | C50: 1) Terdapat bukti verifikasi/validasi dan pemeliharaan komputer dan perangkat lunak sebelum digunakan. | E50: [D] Bukti validasi/verifikasi dan pemeliharaan komputer dan perangkat lunak sebelum digunakan
A51: Standar MFK 4.2 Pengelolaan komputer dan perangkat lunak | B51: 2 | C51: 2) Terdapat ruangan dengan suhu yang sesuai ketentuan untuk Penempatan komputer. | E51: [D O] Bukti pencatatan suhu ruangan
A52: Standar MFK 4.2 Pengelolaan komputer dan perangkat lunak | B52: 3 | C52: 3) Terdapat prosedur penggunaan komputer dan pemeliharaan secara rutin. | E52: [R O] Regulasi: prosedur penggunaan komputer dan pemeliharaan secara rutin Pemeliharaan komputer
A53: Standar MFK 4.2 Pengelolaan komputer dan perangkat lunak | B53: 4 | C53: 4) Terdapat prosedur yang ditetapkan untuk melindungi data dan informasi dari kehilangan, kerusakan, gangguan, dan akses atau penggunaan yang tidak sah. | E53: [R O] Regulasi : prosedur perlindungan data dan informasi dari kehilangan, kerusakan, gangguan, dan akses atau penggunaan yang tidak sah Fasilitas terkait perlindungan data dan informasi dari kehilangan, kerusakan, gangguan dan akses atau penggunaan yang tidak sah.
A54: Standar MFK 4.2 Pengelolaan komputer dan perangkat lunak | B54: 5 | C54: 5) Terdapat prosedur untuk menjamin terlaksananya pelaporan hasil pemeriksaan tepat waktu walaupun komputer tidak berfungsi dengan baik. | E54: [R W] Regulasi : Prosedur pelaporan hasil pemeriksaan walaupun komputer tidak berfungsi dengan baik Petugas terkait
A55: Standar MFK 4.3 Prosedur penggunaan dan evaluasi reagen — Laboratorium kesehatan mengikuti prosedur penggunaan dan evaluasi reagen termasuk air, untuk menjamin keakuratan hasil laboratorium kesehatan.
A56: Standar MFK 4.3 Prosedur penggunaan dan evaluasi reagen | B56: 1 | C56: 1) Terdapat evaluasi terhadap reagen, termasuk air, sesuai prosedur secara berkala. | E56: [R D] Regulasi tentang Evaluasi terhadap reagen termasuk air. Bukti pelaksanaan evaluasi terhadap reagen termasuk air
A57: Standar MFK 4.3 Prosedur penggunaan dan evaluasi reagen | B57: 2 | C57: 2) Terdapat verifikasi reagen, termasuk air sebelum digunakan. | E57: [D] Bukti pelaksanaan verifikasi reagen, termasuk air sebelum digunakan.
A58: Standar MFK 4.3 Prosedur penggunaan dan evaluasi reagen | B58: 3 | C58: 3) Terdapat penyimpanan reagen sesuai standar. | E58: [R D] Regulasi tentang penyimpanan reagen Bukti penyimpanan reagen
A59: Standar MFK 4.3 Prosedur penggunaan dan evaluasi reagen | B59: 4 | C59: 4) Bahan yang digunakan oleh laboratorium kesehatan memenuhi persyaratan untuk menjamin keakuratan dan presisi. | E59: [D] Bukti bahan yang digunakan oleh labkes memenuhi persyaratan untuk menjamin keakuratan dan presisi (contoh: uji validasi dari produsen)
A60: Standar MFK 5 Program keamanan dan keselamatan fasilitas — Laboratorium kesehatan menyusun program untuk menjamin keselamatan dan keamanan fasilitas serta pelayanan
A61: Standar MFK 5 Program keamanan dan keselamatan fasilitas | B61: 1 | C61: 1) Terdapat program dan bukti implementasi upaya keselamatan dan keamanan fasilitas serta pelayanan. | E61: [R D] Regulasi : Program upaya keselamatan dan keamanan fasilitas serta pelayanan. Bukti implementasi program upaya keselamatan dan keamanan fasilitas serta pelayanan
A62: Standar MFK 5 Program keamanan dan keselamatan fasilitas | B62: 2 | C62: 2) Terdapat upaya pengamanan terhadap spesimen, sumber daya lain dan akses ke ruang laboratorium. | E62: [D] Bukti implementasi pengamanan terhadap spesimen, sumber daya lain dan akses ke ruang laboratorium
A63: Standar MFK 5 Program keamanan dan keselamatan fasilitas | B63: 3 | C63: 3) Terdapat upaya pengamanan terhadap petugas, pengguna layanan, properti dan peralatan. | E63: [D W] Bukti implementasi terhadap petugas, pengguna layanan, properti dan peralatan. Tim Mutu/Tim K3 Labkes
A64: Standar MFK 6 Pengelolaan Bahan Berbahaya dan Beracun (B3). — Tersedia program untuk inventarisasi, penanganan, penyimpanan, dan penggunaan Bahan Berbahaya dan Beracun (B3).
A65: Standar MFK 6 Pengelolaan Bahan Berbahaya dan Beracun (B3). | B65: 1 | C65: 1) Terdapat identifikasi lokasi, jenis, dan jumlah B3 dan limbah di dalam laboratorium kesehatan. | E65: [D] Bukti identifikasi B3 dan limbah berdasarkan jenis, jumlah dan lokasi.
A66: Standar MFK 6 Pengelolaan Bahan Berbahaya dan Beracun (B3). | B66: 2 | C66: 2) Terdapat program penetapan dan penerapan penanganan, penyimpanan, serta penggunaan B3 dan limbah yang aman, misalnya kadar formaldehyde dan xylene di bawah nilai ambang batas. | E66: [R D] Regulasi : Program penetapan dan penerapan penanganan, penyimpanan serta penggunaan B3 dan limbah yang aman. Bukti implementasi program penetapan dan penerapan penanganan, penyimpanan serta penggunaan B3 dan limbah yang aman.
A67: Standar MFK 6 Pengelolaan Bahan Berbahaya dan Beracun (B3). | B67: 3 | C67: 3) Terdapat prosedur penggunaan APD dan dilaksanakan. | E67: [R D O W S] Regulasi : Prosedur penggunaan APD Bukti kepatuhan penggunaan APD Ketersediaan dan penggunaan APD Petugas labkes Peragaan penggunaan APD sesuai prosedur
A68: Standar MFK 6 Pengelolaan Bahan Berbahaya dan Beracun (B3). | B68: 4 | C68: 4) Terdapat prosedur pelabelan yang tepat untuk B3 dan limbah. | E68: [R] Regulasi: prosedur pelabelan B3 dan limbah
A69: Standar MFK 6 Pengelolaan Bahan Berbahaya dan Beracun (B3). | B69: 5 | C69: 5) Terdapat ijin pengelolaan limbah sesuai dengan ketentuan peraturan perundang-undangan | E69: [D] Bukti ijin pengelolaan limbah baik yang dikelola sendiri maupun yang bekerja sama dengan pihak ketiga. Bila bekerja sama dengan pihak ke 3 harus memiliki ijin sesuai ketentuan peraturan perundang-undangan yang berlaku baik untuk pengelolaan maupun transporter.
A70: Standar MFK 6.1 Program pengendalian dan pengelolaan B3 dan limbah — Laboratorium kesehatan memiliki program untuk pengendalian dan pengelolaan B3 dan limbah
A71: Standar MFK 6.1 Program pengendalian dan pengelolaan B3 dan limbah | B71: 1 | C71: 1) Terdapat alur pelaporan dan investigasi apabila terjadi tumpahan, paparan dan insiden lainnya. | E71: [R] Regulasi : Alur pelaporan dan investigasi apabila terjadi tumpahan, paparan dan insiden lainnya.
A72: Standar MFK 6.1 Program pengendalian dan pengelolaan B3 dan limbah | B72: 2 | C72: 2) Terdapat pedoman dan prosedur pengelolaan tumpahan dan paparan B3 serta dilaksanakan. | E72: [R D W O S] Regulasi : Pedoman/prosedur pengelolaan tumpahan dan paparan B3 Bukti implementasi pengelolaan tumpahan dan paparan B3 Petugas labkes Ketersediaan spil kit Peragaan penanganan tumpahan
A73: Standar MFK 6.2 Prosedur pengendalian dan pencegahan infeksi — Tersedia prosedur untuk mengurangi risiko infeksi dengan mengacu pada peraturan tentang Pencegahan dan Pengendalian Infeksi (PPI).
A74: Standar MFK 6.2 Prosedur pengendalian dan pencegahan infeksi | B74: 1 | C74: 1) Terdapat kebijakan, pedoman dan prosedur untuk mengurangi risiko infeksi yang meliputi huruf a) sampai huruf m) | E74: [R] Regulasi : kebijakan/ pedoman/ prosedur untuk mengurangi risiko infeksi yang meliputi huruf a) sampai huruf m) dalam maksud dan tujuan
A75: Standar MFK 6.2 Prosedur pengendalian dan pencegahan infeksi | B75: 2 | C75: 2) Implementasi Pencegahan dan Pengendalian Infeksi di laboratorium dilakukan sesuai prosedur | E75: [D] Bukti implementasi PPI di labkes sesuai prosedur
A76: Standar MFK 6.2 Prosedur pengendalian dan pencegahan infeksi | B76: 3 | C76: 3) Terdapat bukti penilaian kepatuhan terhadap prosedur biosafety seperti huruf a) sampai huruf m) . | E76: [D W] Bukti penilaian kepatuhan laboratorium kesehatan terhadap prosedur biosafety seperti huruf a) sampai huruf m), misalnya : bukti audit Pimpinan Labkes dan Tim Mutu/Tim K3
A77: Standar MFK 6.2 Prosedur pengendalian dan pencegahan infeksi | B77: 4 | C77: 4) Terdapat dokumentasi tindak lanjut PPP (Profilaksis Paska Pajanan) dan tindakan perbaikan | E77: [D W] Bukti tindak lanjut PPP bila terjadi insiden. Pimpinan labkes, Tim Mutu/Tim K3 dan petugas labkes
A78: Standar MFK 7 Program pengamanan dalam keadaan darurat — Laboratorium menetapkan program pengamanan dalam keadaan darurat yang memuat upaya pencegahan, deteksi dini, meminimalisir dampak yang timbul, menyedi
A79: Standar MFK 7 Program pengamanan dalam keadaan darurat | B79: 1 | C79: 1) Terdapat program pengamanan dalam keadaan darurat untuk menjamin keamanan dan keselamatan | E79: [R] Regulasi : Program pengamanan dalam keadaan darurat untuk menjamin keamanan dan keselamatan.
A80: Standar MFK 7 Program pengamanan dalam keadaan darurat | B80: 2 | C80: 2) Terdapat identifikasi risiko kebakaran di dalam program pengamanan dalam keadaan darurat. | E80: [R D] Regulasi Identifikasi risiko kebakaran di dalam program pengamanan dalam keadaan darurat Daftar identifikasi risiko kebakaran
A81: Standar MFK 7 Program pengamanan dalam keadaan darurat | B81: 3 | C81: 3) Terdapat bukti dilakukan deteksi dini pengamanan dalam keadaan darurat. | E81: [D W] Bukti pelaksanaan deteksi dini pengamanan dalam keadaan darurat Tim K3, Penanggung jawab tiap unit
A82: Standar MFK 7 Program pengamanan dalam keadaan darurat | B82: 4 | C82: 4) Terdapat alur pemadaman api dan pembuangan asap | E82: [R] Regulasi tentang alur pemadaman api dan pembuangan asap
A83: Standar MFK 7 Program pengamanan dalam keadaan darurat | B83: 5 | C83: 5) Terdapat jalur evakuasi dan titik kumpul bila terjadi keadaan darurat akibat kebakaran atau selain kebakaran | E83: [D O W S] Denah jalur evakuasi dan titik kumpul bila terjadi keadaan darurat akibat kebakaran atau selain kebakaran Jalur evakuasi dan titik kumpul Petugas labkes dan Tim K3 Peragaan evakuasi bila terjadi keadaan darurat akibat kebakaran atau selain kebakaran
A84: Standar MFK 7.1 Sistem pemadam kebakaran — Laboratorium melakukan pemeriksaan sistem pemadam kebakaran secara berkala dan didokumentasikan
A85: Standar MFK 7.1 Sistem pemadam kebakaran | B85: 1 | C85: 1) Terdapat bukti pelatihan pemadam kebakaran untuk semua petugas dan dilakukan satu tahun sekali | E85: [D S] Bukti pelatihan pemadaman kebakaran untuk semua petugas yang dilakukan satu tahun sekali Peragaan penggunaan APAR
A86: Standar MFK 7.1 Sistem pemadam kebakaran | B86: 2 | C86: 2) Terdapat bukti evaluasi dan tindak lanjut hasil pelatihan. | E86: [D] Bukti evaluasi dan tindak lanjut hasil pelatihan
A87: Standar MFK 7.1 Sistem pemadam kebakaran | B87: 3 | C87: 3) Terdapat dokumentasi pemeliharaan terhadap sistem pemadam kebakaran secara berkala. | E87: [D O W] Bukti pemeriksaan, uji fungsi dan pemeliharaan terhadap peralatan penanganan kebakaran Peralatan dan sistem pemadam kebakaran berfungsi dengan baik Pimpinan labkes, Tim K3 dan petugas labkes
A89: RINGKASAN CAPAIAN BAB V
A90: Standar | B90: Jumlah EP | C90: Total Skor | D90: Skor Maksimal | E90: Capaian (%)
A91: Standar MFK 1 Standar Fasilitas | B91: 3 | C91: =SUMPRODUCT((D6:D8<>"TDD")*IFERROR(D6:D8,0)) -> 0 | D91: =COUNTIF(D6:D8,"<>TDD")*10 -> 30 | E91: =IFERROR(C91/D91,0) -> 0
A92: Standar MFK 2 Standar ruang pelayanan | B92: 6 | C92: =SUMPRODUCT((D10:D15<>"TDD")*IFERROR(D10:D15,0)) -> 0 | D92: =COUNTIF(D10:D15,"<>TDD")*10 -> 60 | E92: =IFERROR(C92/D92,0) -> 0
A93: Standar MFK 2.1 Standar ruang penyimpanan reagen, cairan, gas | B93: 4 | C93: =SUMPRODUCT((D17:D20<>"TDD")*IFERROR(D17:D20,0)) -> 0 | D93: =COUNTIF(D17:D20,"<>TDD")*10 -> 40 | E93: =IFERROR(C93/D93,0) -> 0
A94: Standar MFK 2.2 Keamanan dan kerahasiaan dokumen | B94: 4 | C94: =SUMPRODUCT((D22:D25<>"TDD")*IFERROR(D22:D25,0)) -> 0 | D94: =COUNTIF(D22:D25,"<>TDD")*10 -> 40 | E94: =IFERROR(C94/D94,0) -> 0
A95: Standar MFK 3 Program pengelolaan prasarana | B95: 4 | C95: =SUMPRODUCT((D27:D30<>"TDD")*IFERROR(D27:D30,0)) -> 0 | D95: =COUNTIF(D27:D30,"<>TDD")*10 -> 40 | E95: =IFERROR(C95/D95,0) -> 0
A96: Standar MFK 3.1 Pemantauan, pemeliharaan dan perbaikan prasarana | B96: 3 | C96: =SUMPRODUCT((D32:D34<>"TDD")*IFERROR(D32:D34,0)) -> 0 | D96: =COUNTIF(D32:D34,"<>TDD")*10 -> 30 | E96: =IFERROR(C96/D96,0) -> 0
A97: Standar MFK 3.2 Prasarana yang bersifat kritis dan ketersediaan sumber alternatif | B97: 3 | C97: =SUMPRODUCT((D36:D38<>"TDD")*IFERROR(D36:D38,0)) -> 0 | D97: =COUNTIF(D36:D38,"<>TDD")*10 -> 30 | E97: =IFERROR(C97/D97,0) -> 0
A98: Standar MFK 4.1 Uji fungsi, inspeksi, pemeliharaan, kalibrasi. | B98: 5 | C98: =SUMPRODUCT((D40:D44<>"TDD")*IFERROR(D40:D44,0)) -> 0 | D98: =COUNTIF(D40:D44,"<>TDD")*10 -> 50 | E98: =IFERROR(C98/D98,0) -> 0
A99: Standar MFK 4.1.1 Riwayat penggunaan peralatan | B99: 3 | C99: =SUMPRODUCT((D46:D48<>"TDD")*IFERROR(D46:D48,0)) -> 0 | D99: =COUNTIF(D46:D48,"<>TDD")*10 -> 30 | E99: =IFERROR(C99/D99,0) -> 0
A100: Standar MFK 4.2 Pengelolaan komputer dan perangkat lunak | B100: 5 | C100: =SUMPRODUCT((D50:D54<>"TDD")*IFERROR(D50:D54,0)) -> 0 | D100: =COUNTIF(D50:D54,"<>TDD")*10 -> 50 | E100: =IFERROR(C100/D100,0) -> 0
A101: Standar MFK 4.3 Prosedur penggunaan dan evaluasi reagen | B101: 4 | C101: =SUMPRODUCT((D56:D59<>"TDD")*IFERROR(D56:D59,0)) -> 0 | D101: =COUNTIF(D56:D59,"<>TDD")*10 -> 40 | E101: =IFERROR(C101/D101,0) -> 0
A102: Standar MFK 5 Program keamanan dan keselamatan fasilitas | B102: 3 | C102: =SUMPRODUCT((D61:D63<>"TDD")*IFERROR(D61:D63,0)) -> 0 | D102: =COUNTIF(D61:D63,"<>TDD")*10 -> 30 | E102: =IFERROR(C102/D102,0) -> 0
...

Sheet Bab VI - PM (Rinci)
A1: Bab VI. PENGENDALIAN MUTU (PM) — KONTEN RESMI LENGKAP
A2: Sumber: Template Self Assessment Laboratorium Kesehatan resmi yang diberikan Bapak Hary Satrisno. Redaksi Elemen Penilaian dan Bukti/Telusur adalah teks ASLI.
A4: Standar | B4: No. EP | C4: Elemen Penilaian | D4: Skor Diri (0/5/10/TDD) | E4: Metode Telusur & Bukti | F4: Catatan / Rencana Tindak Lanjut
A5: Standar PM 1 Pemantapan mutu internal dan eksternal. — Laboratorium kesehatan melakukan pemantapan mutu internal dan eksternal.
A6: Standar PM 1 Pemantapan mutu internal dan eksternal. | B6: 1 | C6: 1) Pimpinan laboratorium menetapkan prosedur pemantapan mutu untuk semua jenis pemeriksaan | E6: [R] Regulasi: Prosedur pemantapan mutu internal dan eksternal untuk semua jenis pemeriksaan
A7: Standar PM 1 Pemantapan mutu internal dan eksternal. | B7: 2 | C7: 2) Terdapat penerapan paling sedikit mencakup angka 6) huruf a) sampai huruf e). | E7: [D] Bukti penerapan/ implementasi paling sedikit mencakup angka 6) huruf a) sampai dengan huruf e)
A8: Standar PM 1 Pemantapan mutu internal dan eksternal. | B8: 3 | C8: 3) Terdapat evaluasi dan tindak lanjut dari hasil pemantapan mutu internal dan eksternal. | E8: [D] Bukti evaluasi dan tindak lanjut berdasarkan hasil pemantapan mutu internal dan eksternal
A9: Standar PM 1.1 Uji profisiensi — Laboratorium kesehatan mengikuti uji profisiensi
A10: Standar PM 1.1 Uji profisiensi | B10: 1 | C10: 1) Terdapat bukti hasil uji profisiensi dari laboratorium kesehatan untuk setiap pemeriksaan | E10: [D W] Bukti hasil uji profisiensi dari laboratorium kesehatan untuk setiap pemeriksaan. Petugas Labkes yang melakukan uji profisiensi
A11: Standar PM 1.1 Uji profisiensi | B11: 2 | C11: 2) Terdapat laporan hasil pemeriksaan uji profisiensi dari laboratorium kesehatan ke penyelenggara dalam kurun waktu yang telah ditentukan | E11: [D W] Bukti laporan hasil pemeriksaan uji profisiensi dari laboratorium kesehatan ke penyelenggara dalam kurun waktu yang telah ditentukan. Pimpinan Labkes, Tim Mutu.
A12: Standar PM 1.1 Uji profisiensi | B12: 3 | C12: 3) Terdapat bukti bahwa laboratorium kesehatan telah mengikuti ketentuan penyelenggara uji profisiensi | E12: [D W] Bukti Laboratorium Kesehatan mengikuti ketentuan penyelenggara uji profisiensi. Petugas Labkes yang melakukan uji Profisiensi.
A13: Standar PM 1.1 Uji profisiensi | B13: 4 | C13: 4) Terdapat bukti bahwa laboratorium kesehatan telah melakukan evaluasi dan tindak lanjuti terhadap nilai yang diperoleh dari penyelenggara meliputi angka 4 huruf d) dan angka 5) | E13: [D] Bukti evaluasi dan tindak lanjut yang diperoleh dari penyelenggara yang meliputi angka 4 huruf d) dan angka 5).
A14: Standar PM 1.1.1 Pengelolaan sampel uji profisiensi. — Sampel atau spesimen pada uji profisiensi diperiksa seperti pemeriksaan sampel atau spesimen rutin dengan reagen/ peralatan/ metode yang biasa digunak
A15: Standar PM 1.1.1 Pengelolaan sampel uji profisiensi. | B15: 1 | C15: 1). Terdapat bukti bahwa uji profisiensi telah dilaksanakan oleh petugas yang biasa melakukan pemeriksaan dengan reagen/ peralatan/ metode yang biasa digunakan | E15: [D] Bukti uji profisiensi dilakukan oleh petugas yang biasa melakukan pemeriksaan dengan reagen/ peralatan/ metode yang biasa digunakan
A16: Standar PM 1.1.1 Pengelolaan sampel uji profisiensi. | B16: 2 | C16: 2). Terdapat bukti bahwa uji profisiensi telah dikerjakan seperti prosedur pemeriksaan rutin. | E16: [D W] Bukti laporan pelaksanaan uji profisiensi yang dikerjakan seperti prosedur pemeriksaan rutin. Petugas yang melaksanakan uji profisiensi, Penanggung Jawab Mutu
A17: Standar PM 1.1.2 Alternatif uji profisiensi. — Laboratorium yang tidak dapat mengikuti uji profisiensi karena penyelenggara uji profisiensi tidak ada, maka harus melakukan upaya lain untuk menjami
A18: Standar PM 1.1.2 Alternatif uji profisiensi. | B18: 1 | C18: 1) Terdapat bukti upaya dari laboratorium kesehatan untuk melakukan kegiatan untuk menjamin mutu hasil pemeriksaan laboratorium kesehatan meliputi angka 1) mencakup huruf a) sampai dengan huruf d) (berjenjang sesuai urutan prioritas) | E18: [D W] Bila tidak terdapat lembaga penyelenggara uji profisiensi maka laboratorium Kesehatan memiliki bukti melakukan penjaminan mutu hasil pemeriksaan meliputi angka 1) mencakup huruf a) sampai dengan huruf d) (berjenjang sesuai urutan prioritas). Pimpinan Labkes, Petugas yang melakukan uji profisiensi
A19: Standar PM 1.1.2 Alternatif uji profisiensi. | B19: 2 | C19: 2) Terdapat bukti bahwa laboratorium kesehatan melakukan evaluasi dan tindak lanjut terhadap hasil uji serta didokumentasikan paling singkat 3 (tiga) tahun. | E19: [D] Bukti evaluasi dan tindak lanjut terhadap hasil uji profisiensi serta didokumentasikan paling singkat 3 (tiga) tahun.
A20: Standar PM 1.2 Pengelolaan hasil pemeriksaan dengan lebih dari 1 (satu) alat — Laboratorium kesehatan menetapkan prosedur untuk evaluasi dan penetapan korelasi antara dua hasil pemeriksaan dengan sampel/spesimen yang sama tetapi
A21: Standar PM 1.2 Pengelolaan hasil pemeriksaan dengan lebih dari 1 (satu) alat | B21: 1 | C21: 1) Terdapat prosedur untuk menetapkan kesesuaian antara dua hasil pemeriksaan dengan sampel yang sama tetapi diperiksa dengan menggunakan metode atau alat yang berbeda mengacu pada batas keberterimaan sesuai peraturan perundang-undangan yang berlaku. | E21: [R] Regulasi: prosedur penetapan korelasi antara dua hasil pemeriksaan dengan sampel/spesimen yang sama, penetapan jumlah spesimen yang akan diperiksa/ dibandingkan dan menentukan rentang hasil yang dapat diterima, tetapi diperiksa dengan menggunakan metode atau alat yang berbeda, dan penetapan metode jika ditemukan perbedaan hasil yang sangat bermakna.
A22: Standar PM 1.2 Pengelolaan hasil pemeriksaan dengan lebih dari 1 (satu) alat | B22: 2 | C22: 2) Terdapat uji kesesuaian dilakukan paling sedikit 2 (dua) kali dalam 1 (satu) tahun. | E22: [D] Bukti uji kesesuaian yang dilakukan paling sedikit 2 (dua) kali dalam 1 (satu) tahun.
A23: Standar PM 1.2 Pengelolaan hasil pemeriksaan dengan lebih dari 1 (satu) alat | B23: 3 | C23: 3) Terdapat penetapan jumlah spesimen yang akan diperiksa/ dibandingkan dan menentukan rentang hasil yang dapat diterima. | E23: [D] Bukti implementasi penetapan jumlah spesimen yang akan diperiksa/ dibandingkan dan menentukan rentang hasil yang dapat diterima.
A24: Standar PM 1.2 Pengelolaan hasil pemeriksaan dengan lebih dari 1 (satu) alat | B24: 4 | C24: 4) Jika ditemukan perbedaan hasil yang sangat bermakna, pimpinan laboratorium kesehatan harus menetapkan metode mana yang akan digunakan. | E24: [D W] Bukti implementasi metode yang akan digunakan jika ditemukan perbedaan hasil yang sangat bermakna. Pimpinan Labkes
A25: Standar PM 1.3 Validasi dan verifikasi alat, metode dan perangkat lunak — Laboratorium kesehatan melakukan validasi awal/ verifikasi terhadap alat baru, metode baru dan sistem analisa perangkat lunak/software) sebelum diguna
A26: Standar PM 1.3 Validasi dan verifikasi alat, metode dan perangkat lunak | B26: 1 | C26: 1) Terdapat bukti laboratorium kesehatan menetapkan jumlah dan jenis bahan kontrol serta frekuensi quality control pada saat melakukan validasi. | E26: [R D] Regulasi : penetapan jumlah dan jenis bahan kontrol serta frekuensi quality control pada saat melakukan validasi. Bukti implementasi penetapan jumlah dan jenis bahan kontrol serta frekuensi quality control pada saat melakukan validasi.
A27: Standar PM 1.3 Validasi dan verifikasi alat, metode dan perangkat lunak | B27: 2 | C27: 2) Terdapat bukti laboratorium kesehatan melakukan validasi terhadap semua metode baru yang digunakan dan terdokumentasi. | E27: [D] Bukti dilakukan validasi terhadap semua metode baru yang digunakan dan terdokumentasi.
A28: Standar PM 1.3 Validasi dan verifikasi alat, metode dan perangkat lunak | B28: 3 | C28: 3) Terdapat bukti untuk setiap metode analitik, dilakukan paling sedikit uji akurasi, uji presisi dan penetapan rentang nilai hasil pemeriksaan. | E28: [D] Bukti dilakukan uji akurasi, uji presisi dan penetapan rentang nilai hasil pemeriksaan.
A29: Standar PM 1.4 Validasi sistem pemantauan internal atau elektronik — Laboratorium kesehatan melakukan validasi terhadap sistem pemantauan internal atau elektronik dalam pelaksanaan pemantapan mutu.
A30: Standar PM 1.4 Validasi sistem pemantauan internal atau elektronik | B30: 1 | C30: 1) Terdapat bukti Laboratorium melakukan validasi terhadap sistem pemantauan mutu internal atau elektronik yang digunakan dalam pelaksanaan pemantapan mutu. | E30: [D] Bukti validasi terhadap sistem pemantauan mutu internal atau elektronik yang digunakan.
A31: Standar PM 1.4 Validasi sistem pemantauan internal atau elektronik | B31: 2 | C31: 2) Terdapat Bukti adanya Sistem pemantauan mutu yang digunakan untuk memenuhi angka 1) dan angka 2) | E31: [D] Bukti pelaksanaan sistem pemantauan mutu yang digunakan untuk memenuhi angka 1) dan angka 2) pada maksud dan tujuan.
A32: Standar PM 1.4 Validasi sistem pemantauan internal atau elektronik | B32: 3 | C32: 3) Terdapat Bukti Proses validasi mencakup angka 3) sampai dengan angka 5) | E32: [D] Bukti proses validasi yang mencakup angka 3) sampai dengan angka 5) pada maksud dan tujuan.
A33: Standar PM 1.4 Validasi sistem pemantauan internal atau elektronik | B33: 4 | C33: 4) Terdapat Bukti bahwa frekuensi pelaksanaan pemantapan mutu internal dan eksternal memperhatikan angka 6) sampai dengan angka 8). | E33: [D] Bukti frekuensi pelaksanaan pemantapan mutu internal dan eksternal memperhatikan angka 6) sampai dengan angka 8) pada maksud dan tujuan.
A34: Standar PM 1.4 Validasi sistem pemantauan internal atau elektronik | B34: 5 | C34: 5) Terdapat Bukti Jika nilai kontrol tidak dapat diterima laboratorium kesehatan mengidentifikasi penyebabnya dan mengulang kembali proses validasi | E34: [D] Bukti dilakukan identifikasi penyebab dan pengulangan proses validasi Jika nilai kontrol tidak dapat diterima.
A35: Standar PM 1.5 Kalibrasi alat dan uji fungsi alat — Laboratorium kesehatan melakukan kalibrasi alat dan uji fungsi alat.
A36: Standar PM 1.5 Kalibrasi alat dan uji fungsi alat | B36: 1 | C36: 1) Terdapat Bukti bahwa laboratorium kesehatan melakukan kalibrasi alat dan uji fungsi alat sesuai prosedur yang telah ditetapkan. | E36: [D] Bukti kalibrasi alat dan uji fungsi alat sesuai prosedur yang telah ditetapkan
A37: Standar PM 1.5 Kalibrasi alat dan uji fungsi alat | B37: 2 | C37: 2) Terdapat Bukti prosedur kalibrasi harus mengikuti kriteria dari pabrik alat | E37: [R D] Regulasi : prosedur kalibrasi alat Bukti implementasi prosedur kalibrasi
A38: Standar PM 1.5 Kalibrasi alat dan uji fungsi alat | B38: 3 | C38: 3) Terdapat Bukti laboratorium mendokumentasikan pelaksanaan kalibrasi. | E38: [D] Bukti pelaksanaan kalibrasi
A39: Standar PM 1.6 Pemantapan Mutu Internal (PMI) — Proses kendali mutu meliputi evaluasi hasil pemeriksaan laboratorium kesehatan, hasil pemantapan mutu internal dan hasil uji kinerja harian alat.
A40: Standar PM 1.6 Pemantapan Mutu Internal (PMI) | B40: 1 | C40: 1) Terdapat bukti bahwa hasil pemeriksaan dievaluasi setiap hari. | E40: [D] Bukti evaluasi hasil pemeriksaan yang dilakukan setiap hari.
A41: Standar PM 1.6 Pemantapan Mutu Internal (PMI) | B41: 2 | C41: 2) Terdapat bukti laporan hasil pemeriksaan secara manual maupun elektronik, dievaluasi untuk mengurangi terjadinya kesalahan. | E41: [D] Bukti laporan hasil pemeriksaan secara manual maupun elektronik, dan hasil evaluasi untuk mengurangi terjadinya kesalahan.
A42: Standar PM 1.6 Pemantapan Mutu Internal (PMI) | B42: 3 | C42: 3) Terdapat bukti laboratorium kesehatan melakukan reviu untuk melihat kesesuaian hasil pemeriksaan, hasil pemantapan mutu dan hasil uji fungsi alat. | E42: [D] Bukti hasil reviu kesesuaian hasil pemeriksaan, hasil pemantapan mutu dan hasil uji fungsi alat.
A43: Standar PM 1.6 Pemantapan Mutu Internal (PMI) | B43: 4 | C43: 4) Terdapat bukti evaluasi pelaksanaan pemantapan mutu dilakukan paling sedikit 1 (satu) paling sedikit 1 (satu) kali dalam 1 (satu) bulan | E43: [D] Bukti hasil evaluasi pelaksanaan pemantapan mutu dilakukan paling sedikit 1 (satu) kali dalam 1 (satu) bulan
A44: Standar PM 1.7 Tindakan perbaikan jika ditemukan ketidaksesuaian hasil PMI — Laboratorium kesehatan melakukan tindakan perbaikan jika ditemukan ketidaksesuaian, dan didokumentasikan
A45: Standar PM 1.7 Tindakan perbaikan jika ditemukan ketidaksesuaian hasil PMI | B45: 1 | C45: 1) Terdapat Bukti Laboratorium kesehatan menetapkan prosedur tindakan perbaikan jika hasil pemantapan mutu internal tidak dapat diterima atau berada diluar rentang nilai yang diperbolehkan | E45: [R D] Regulasi: prosedur tindakan perbaikan jika hasil pemantapan mutu internal tidak dapat diterima atau berada diluar rentang nilai yang diperbolehkan. Bukti tindakan perbaikan jika hasil pemantapan mutu internal tidak dapat diterima atau berada diluar rentang nilai yang diperbolehkan
A46: Standar PM 1.7 Tindakan perbaikan jika ditemukan ketidaksesuaian hasil PMI | B46: 2 | C46: 2) Terdapat bukti Laboratorium kesehatan menentukan alat atau alat cadangan atau memilih fasilitas yang dapat digunakan jika tindakan perbaikan tidak dapat dilakukan tepat waktu. | E46: [D] Bukti penentuan alat atau alat cadangan atau memilih fasilitas yang dapat digunakan jika tindakan perbaikan tidak dapat dilakukan tepat waktu.
A47: Standar PM 1.7 Tindakan perbaikan jika ditemukan ketidaksesuaian hasil PMI | B47: 3 | C47: 3) Terdapat bukti Laboratorium kesehatan melakukan tindakan perbaikan, jika ditemukan kondisi seperti pada angka 1) huruf a) sampai dengan huruf d). | E47: [D] Bukti tindakan perbaikan, jika ditemukan kondisi seperti pada angka 1) huruf a) sampai dengan huruf d) sesuai maksud dan tujuan.
A48: Standar PM 1.7 Tindakan perbaikan jika ditemukan ketidaksesuaian hasil PMI | B48: 4 | C48: 4) Terdapat bukti Laboratorium kesehatan melakukan evaluasi terhadap data hasil pemantapan mutu dan keluhan pelanggan, sehingga laboratorium kesehatan dapat melakukan tindakan pencegahan untuk meminimalkan dampak yang lebih buruk. | E48: [D] Bukti evaluasi terhadap data hasil pemantapan mutu dan keluhan pelanggan.
A49: Standar PM 2 Pengendalian mutu untuk pemeriksaan histopatologi — Tersedia kebijakan dan prosedur pengendalian mutu untuk pemeriksaan histopatologi
A50: Standar PM 2 Pengendalian mutu untuk pemeriksaan histopatologi | B50: 1 | C50: 1) Terdapat kebijakan dan prosedur untuk memastikan mutu pemeriksaan histopatologi | E50: [R] Regulasi: kebijakan dan prosedur pengendalian mutu untuk histopatologi.
A51: Standar PM 2 Pengendalian mutu untuk pemeriksaan histopatologi | B51: 2 | C51: 2) Terdapat dokumen/ kompetensi dari petugas yang melakukan kegiatan pada setiap tahapan pemeriksaan makroskopik dan mikroskopik. | E51: [D] Bukti file kepegawain yang berisi kompetensi dari petugas yang melakukan pemeriksaan makroskopik dan mikroskopik
A52: Standar PM 2 Pengendalian mutu untuk pemeriksaan histopatologi | B52: 3 | C52: 3) Terdapat prosedur pengendalian mutu yang mencakup angka 1) dan angka 2). | E52: [R] Regulasi: prosedur pengendalian mutu yang mencakup angka 1) dan angka 2) pada maksud dan tujuan.
A53: Standar PM 2.1 Pengelolaan Spesimen dan Hasil Pemeriksaan — Laboratorium kesehatan menerapkan prosedur untuk memastikan identifikasi, fiksasi, dokumentasi penerimaan spesimen, pengolahan spesimen, dan dokumenta
A54: Standar PM 2.1 Pengelolaan Spesimen dan Hasil Pemeriksaan | B54: 1 | C54: 1) Terdapat prosedur untuk melakukan identifikasi, memberi label, memastikan fiksasi, melakukan dokumentasi penerimaan spesimen, dan pengolahan spesimen sesuai prosedur mencakup angka 1) sampai dengan angka 5). | E54: [R D] Regulasi: prosedur identifikasi, memberi label, memastikan fiksasi, melakukan dokumentasi penerimaan spesimen, dan pengolahan spesimen sesuai prosedur mencakup kegiatan pada angka 1) sampai dengan 5) pada maksud dan tujuan. Bukti implementasi.
A55: Standar PM 2.1 Pengelolaan Spesimen dan Hasil Pemeriksaan | B55: 2 | C55: 2) Ada bukti penilaian kepatuhan terhadap prosedur mencakup angka 1) sampai dengan angka 5). | E55: [D] Bukti kepatuhan terhadap prosedur mencakup angka 1) sampai dengan angka 5) pada maksud dan tujuan.
A56: Standar PM 2.1 Pengelolaan Spesimen dan Hasil Pemeriksaan | B56: 3 | C56: 3) Ada bukti monitoring terhadap kepatuhan prosedur mencakup angka 1) sampai dengan 4). | E56: [D] Bukti kegiatan monitoring/pemantauan kepatuhan prosedurmencakup angka 1) sampai dengan 4) pada maksud dan tujuan.
A57: Standar PM 2.1.1 Prosedur pemeriksaan imunohistokimia — Laboratorium kesehatan menerapkan prosedur untuk pemeriksaan imunohistokimia yang akurat.
A58: Standar PM 2.1.1 Prosedur pemeriksaan imunohistokimia | B58: 1 | C58: 1) Terdapat prosedur pemeriksaan immunohistokimia yang menerapkan pengendalian mutu yang mencakup angka 1) sampai dengan angka 5). | E58: [R] Regulasi: prosedur pemeriksaan immunohistokimia yang menerapkan pengendalian mutu yang mencakup angka 1) sampai dengan angka 5) pada maksud dan tujuan.
A59: Standar PM 2.1.1 Prosedur pemeriksaan imunohistokimia | B59: 2 | C59: 2) Terdapat bukti pelaksanaan imunohistokimia sesuai prosedur | E59: [D] Bukti pelaksanaan imunohistokimia sesuai prosedur
A60: Standar PM 2.1.1 Prosedur pemeriksaan imunohistokimia | B60: 3 | C60: 3) Terdapat bukti kepatuhan terhadap prosedur dipantau. | E60: [D] Bukti kepatuhan terhadap prosedur dipantau.
A61: Standar PM 2.2 Kualifikasi petugas yang melakukan tindakan pemotongan jaringan. — Laboratorium kesehatan melakukan evaluasi kualifikasi petugas yang melakukan tindakan pemotongan jaringan.
A62: Standar PM 2.2 Kualifikasi petugas yang melakukan tindakan pemotongan jaringan. | B62: 1 | C62: 1) Terdapat bukti bahwa semua tindakan pemotongan jaringan dilakukan oleh dokter Sp.PA atau dibawah supervisi dokter Sp.PA | E62: [R] Regulasi: kebijakan bahwa semua tindakan pemotongan jaringan dilakukan oleh dokter Sp.PA atau di bawah supervisi dokter Sp.PA
A63: Standar PM 2.2 Kualifikasi petugas yang melakukan tindakan pemotongan jaringan. | B63: 2 | C63: 2) Terdapat bukti bahwa petugas selain dokter Sp.PA yang melakukan tindakan pemotongan jaringan telah memenuhi kriteria angka 1) sampai dengan angka 3) | E63: [D] Bukti petugas selain dokter Sp.PA yang melakukan tindakan pemotongan jaringan telah memenuhi kriteria angka 1) sampai angka 3) pada maksud dan tujuan.
A64: Standar PM 2.2 Kualifikasi petugas yang melakukan tindakan pemotongan jaringan. | B64: 3 | C64: 3) Terdapat bukti evaluasi dan tindak lanjut hasil pemotongan jaringan oleh petugas yang bukan dokter Sp.PA, oleh dokter Sp.PA. | E64: [D] Bukti evaluasi dan tindak lanjut hasil pemotongan jaringan oleh petugas yang bukan dokter Sp.PA, oleh dokter Sp.PA
A65: Standar PM. 2.3 Kompetensi pelaksana pemeriksaan makroskopik dan mikroskopik — Laboratorium kesehatan menyediakan prosedur untuk mendokumentasikan kompetensi dokter yang melakukan pemeriksaan makroskopik dan mikroskopik.
A66: Standar PM. 2.3 Kompetensi pelaksana pemeriksaan makroskopik dan mikroskopik | B66: 1 | C66: 1) Terdapat kebijakan bahwa semua pemeriksaan mikroskopik dan diagnosis dilakukan oleh Sp.PA. . | E66: [R] Regulasi: Kebijakan semua pemeriksaan mikroskopik dan diagnosis dilakukan Sp.PA
A67: Standar PM 3 Penjaminan kualitas pelayanan sitopatologi oleh Dokter Spesialis Patologi Anatomik (Sp.PA). — Laboratorium kesehatan menyediakan Dokter Spesialis Patologi Anatomik (Sp.PA) untuk menjamin kualitas pelayanan sitopatologi
A68: Standar PM 3 Penjaminan kualitas pelayanan sitopatologi oleh Dokter Spesialis Patologi Anatomik (Sp.PA). | B68: 1 | C68: 1) Pelayanan sitopatologi dipimpin oleh SpPA. | E68: [R] Regulasi: SK Pimpinan pelayanan sitopatologi dipimpin oleh SpPA
A69: Standar PM 3 Penjaminan kualitas pelayanan sitopatologi oleh Dokter Spesialis Patologi Anatomik (Sp.PA). | B69: 2 | C69: 2) Terdapat prosedur pengambilan spesimen, identifikasi, fiksasi dan transportasi telah ditetapkan dan disosialisasikan kepada dokter pengirim spesimen terkait. | E69: [R D] Regulasi: prosedur pengambilan spesimen, identifikasi, fiksasi dan transportasi. Bukti sosialisasi kepada dokter pengirim spesimen terkait.
A70: Standar PM 3 Penjaminan kualitas pelayanan sitopatologi oleh Dokter Spesialis Patologi Anatomik (Sp.PA). | B70: 3 | C70: 3) Terdapat kriteria penolakan spesimen. | E70: [R] Regulasi: kriteria penolakan spesimen.
A71: Standar PM 3 Penjaminan kualitas pelayanan sitopatologi oleh Dokter Spesialis Patologi Anatomik (Sp.PA). | B71: 4 | C71: 4) Terdapat kriteria spesimen yang tidak memadai (unsatisfactory) | E71: [R] Regulasi : kriteria spesimen yang tidak memadai (unsatisfactory)
A72: Standar PM 3 Penjaminan kualitas pelayanan sitopatologi oleh Dokter Spesialis Patologi Anatomik (Sp.PA). | B72: 5 | C72: 5). Terdapat dokumen tentang pemilihan jenis zat warna dan teknik pulasan | E72: [D] Bukti pemilihan jenis zat warna dan teknik pulasan
A73: Standar PM 3 Penjaminan kualitas pelayanan sitopatologi oleh Dokter Spesialis Patologi Anatomik (Sp.PA). | B73: 6 | C73: 6). Terdapat tata cara untuk menghindarkan kontaminasi silang. | E73: [R] Regulasi: tata cara untuk menghindarkan kontaminasi silang.
A74: Standar PM 3.1 Pemantapan Mutu Pelayanan Sitopatologi. — Pelayanan sitopatologi di laboratorium kesehatan memiliki prosedur untuk mengukur, menilai dan meningkatkan mutu.
A75: Standar PM 3.1 Pemantapan Mutu Pelayanan Sitopatologi. | B75: 1 | C75: 1) Terdapat bukti supervisi terhadap hasil pemeriksaan yang dilakukan oleh sitoskriner yang mencakup angka 1) sampai dengan angka 5). | E75: [D] Bukti supervisi terhadap hasil pemeriksaan yang dilakukan oleh sitoskriner yang mencakup angka 1) sampai dengan angka 5) pada maksud dan tujuan.
A76: Standar PM 3.1 Pemantapan Mutu Pelayanan Sitopatologi. | B76: 2 | C76: 2) Terdapat bukti evaluasi jika terjadi kesalahan sitoskriner | E76: [D] Bukti evaluasi jika terjadi kesalahan sitoskriner
A77: Standar PM 3.1 Pemantapan Mutu Pelayanan Sitopatologi. | B77: 3 | C77: 3) Terdapat prosedur alur pelaporan hasil. | E77: [R] Regulasi: prosedur alur pelaporan hasil
A78: Standar PM 4 Pemantapan mutu internal untuk pemeriksaan kimia klinis, hematologi, hemotasis, dan Point-Of-Care Test (POCT). — Pimpinan laboratorium menetapkan kebijakan dan prosedur pemantapan mutu internal untuk semua pemeriksaan kimia klinis, hematologi, hemotasis, dan Poin
A79: Standar PM 4 Pemantapan mutu internal untuk pemeriksaan kimia klinis, hematologi, hemotasis, dan Point-Of-Care Test (POCT). | B79: 1 | C79: 1) Terdapat prosedur pemantapan mutu internal untuk semua pemeriksaan kimia Laboratorium Kesehatan, hematologi, hemotasisis dan pemeriksaan POCT. | E79: [R] Regulasi: prosedur pemantapan mutu internal untuk semua pemeriksaan kimia laboratorium kesehatan, hematologi, dan hemotasisis, dan pemeriksaan POCT mencakup jumlah dan level kontrol yang digunakan, jumlah pembacaan yang harus dilakukan, penetapan nilai Standar Deviasi dan langkah-langkah yang akan dilakukan bila nilai kontrol tidak dapat diterima.
A80: Standar PM 4 Pemantapan mutu internal untuk pemeriksaan kimia klinis, hematologi, hemotasis, dan Point-Of-Care Test (POCT). | B80: 2 | C80: 2) Prosedur pemantapan mutu internal mencakup jumlah dan level kontrol yang digunakan. | E80: [R]
A81: Standar PM 4 Pemantapan mutu internal untuk pemeriksaan kimia klinis, hematologi, hemotasis, dan Point-Of-Care Test (POCT). | B81: 3 | C81: 3) Prosedur pemantapan mutu internal mencakup jumlah pembacaan yang harus dilakukan. | E81: [R]
A82: Standar PM 4 Pemantapan mutu internal untuk pemeriksaan kimia klinis, hematologi, hemotasis, dan Point-Of-Care Test (POCT). | B82: 4 | C82: 4) Prosedur mencakup penetapan nilai Standar Deviasi . | E82: [R]
A83: Standar PM 4 Pemantapan mutu internal untuk pemeriksaan kimia klinis, hematologi, hemotasis, dan Point-Of-Care Test (POCT). | B83: 5 | C83: 5) Prosedur memuat langkah-langkah yang akan dilakukan bila nilai kontrol tidak dapat diterima. | E83: [R]
A84: Standar PM 4.1 Pemantapan Mutu Internal (PMI) untuk pemeriksaan secara kuantitatif — Laboratorium kesehatan menetapkan dan mengikuti prosedur pemantapan mutu internal untuk pemeriksaan secara kuantitatif.
A85: Standar PM 4.1 Pemantapan Mutu Internal (PMI) untuk pemeriksaan secara kuantitatif | B85: 1 | C85: 1) Tersedia prosedur pemantapan mutu internal untuk pemeriksaan secara kuantitatif sesuai dengan aturan yang berlaku | E85: [R] Regulasi: prosedur pemantapan mutu internal untuk pemeriksaan secara kuantitatif sesuai dengan aturan yang berlaku
A86: Standar PM 4.1 Pemantapan Mutu Internal (PMI) untuk pemeriksaan secara kuantitatif | B86: 2 | C86: 2) Terdapat bukti bahwa Prosedur mencakup angka 1) sampai dengan angka 3). | E86: [R] Regulasi: prosedur mencakup angka 1) sampai dengan angka 3) pada maksud dan tujuan.
A87: Standar PM 4.1 Pemantapan Mutu Internal (PMI) untuk pemeriksaan secara kuantitatif | B87: 3 | C87: 3) Terdapat bukti bahwa rentang kontrol dan limit memenuhi kriteria huruf a) sampai dengan huruf c). | E87: [D] Bukti rentang kontrol dan limit memenuhi kriteria huruf a) sampai dengan huruf c) pada maksud dan tujuan.
A88: Standar PM 4.1 Pemantapan Mutu Internal (PMI) untuk pemeriksaan secara kuantitatif | B88: 4 | C88: 4) Laboratorium hanya memiliki satu kriteria untuk setiap pemeriksaan pada satu waktu | E88: [D] Bukti Laboratorium Kesehatan hanya memiliki satu kriteria untuk setiap pemeriksaan pada satu waktu
A89: Standar PM 4.1 Pemantapan Mutu Internal (PMI) untuk pemeriksaan secara kuantitatif | B89: 5 | C89: 5) Jika pemeriksaan dilakukan secara manual, maka laboratorium kesehatan harus memenuhi kriteria huruf e) sampai dengan huruf i). | E89: [D] Bukti hasil pemeriksaan yang dilakukan secara manual memenuhi kriteria huruf e) sampai dengan huruf i) pada maksud dan tujuan.
A90: Standar PM 4.2 Pemantapan Mutu Internal (PMI) untuk pemeriksaan apus darah tepi dan hitung jenis — Laboratorium kesehatan menetapkan prosedur pemantapan mutu internal untuk pemeriksaan apus darah tepi dan hitung jenis.
A91: Standar PM 4.2 Pemantapan Mutu Internal (PMI) untuk pemeriksaan apus darah tepi dan hitung jenis | B91: 1 | C91: 1) Tersedia prosedur hitung jenis. | E91: [R] Regulasi : Prosedur hitung jenis
A92: Standar PM 4.2 Pemantapan Mutu Internal (PMI) untuk pemeriksaan apus darah tepi dan hitung jenis | B92: 2 | C92: 2) Terdapat kriteria sediaan yang harus direviu oleh petugas yang berkompeten dan didokumentasikan | E92: [R D] Regulasi: kriteria sediaan Bukti reviu kriteria sediaan oleh petugas yang kompeten.
A93: Standar PM 4.2 Pemantapan Mutu Internal (PMI) untuk pemeriksaan apus darah tepi dan hitung jenis | B93: 3 | C93: 3) Terdapat bukti dilakukan validasi sebelum melakukan pemeriksaan pada hitung jenis secara otomatis dan didokumentasikan. | E93: [D] Bukti validasi sebelum melakukan pemeriksaan pada hitung jenis secara otomatis dan didokumentasikan.
A94: Standar PM 4.2 Pemantapan Mutu Internal (PMI) untuk pemeriksaan apus darah tepi dan hitung jenis | B94: 4 | C94: 4) Prosedur mencakup penetapan rentang nilai keberterimaan nilai kontrol (nilai rujukan) antara peralatan yang otomatis dengan peralatan secara manual. | E94: [R] Regulasi : penetapan rentang nilai keberteriamaan nilai kontrol (nilai rujukan) antara peralatan yang otomatis dengan peralatan secara manual.
A95: Standar PM 4.2 Pemantapan Mutu Internal (PMI) untuk pemeriksaan apus darah tepi dan hitung jenis | B95: 5 | C95: 5) Laboratorium kesehatan melakukan evaluasi terhadap data hasil hitung jenis dan didokumentasikan. | E95: [D] Bukti evaluasi terhadap data hasil hitung jenis.
A96: Standar PM 4.2 Pemantapan Mutu Internal (PMI) untuk pemeriksaan apus darah tepi dan hitung jenis | B96: 6 | C96: 6) Sediaan hitung jenis dan data hasil pemeriksaan hitung jenis di simpan dalam rentang waktu yang ditentukan sesuai aturan yang berlaku. | E96: [D] Bukti penyimpanan sediaan hitung jenis dan data hasil pemeriksaan hitung jenis.
A97: Standar PM 5 Pemantapan Mutu Internal (PMI) untuk pemeriksaan bakteriologi, mikobakteriologi dan mikologi — Laboratorium kesehatan menetapkan prosedur pemantapan mutu internal untuk pemeriksaan bakteriologi, mikobakteriologi dan mikologi.
A98: Standar PM 5 Pemantapan Mutu Internal (PMI) untuk pemeriksaan bakteriologi, mikobakteriologi dan mikologi | B98: 1 | C98: 1) Tersedia prosedur pemantapan mutu internal bahan kimia dan biologis, reagen, dan antiserum yang digunakan. | E98: [R] Regulasi: prosedur pemantapan mutu internal bahan kimia dan biologis, reagen, dan antiserum yang digunakan.
A99: Standar PM 5 Pemantapan Mutu Internal (PMI) untuk pemeriksaan bakteriologi, mikobakteriologi dan mikologi | B99: 2 | C99: 2) Laboratorium kesehatan melaksanakan pemantapan mutu internal sebagaimana tertuang dalam angka 1) sampai dengan angka 5). | E99: [D] Bukti pelaksanaan pemantapan mutu internal sebagaimana tertuang dalam angka 1) sampai dengan angka 5) pada maksud dan tujuan.
A100: Standar PM 5 Pemantapan Mutu Internal (PMI) untuk pemeriksaan bakteriologi, mikobakteriologi dan mikologi | B100: 3 | C100: 3) Hasil pelaksanaan pemantapan mutu internal didokumentasikan. | E100: [D] Bukti pelaksanaan Pemantapan Mutu Internal
A101: Standar PM 5.1 Verifikasi uji sensitivitas antimikroba, antimikobakterium dan anti jamur — Pelaksanaan uji sensitivitas antimikroba, antimikobakterium dan anti jamur diverifikasi dengan organisme referensi (kuman kontrol) yang sudah ditetapk
...

Sheet Bab VII - PPN (Rinci)
A1: Bab VII. PROGRAM PRIORITAS NASIONAL (PPN) — KONTEN RESMI LENGKAP
A2: Sumber: Template Self Assessment Laboratorium Kesehatan resmi yang diberikan Bapak Hary Satrisno. Redaksi Elemen Penilaian dan Bukti/Telusur adalah teks ASLI.
A4: Standar | B4: No. EP | C4: Elemen Penilaian | D4: Skor Diri (0/5/10/TDD) | E4: Metode Telusur & Bukti | F4: Catatan / Rencana Tindak Lanjut
A5: Standar PPN 1 Kewajiban laboratorium kesehatan mendukung program pengendalian HIV — Laboratorium wajib mendukung pemerintah dalam pengendalian HIV
A6: Standar PPN 1 Kewajiban laboratorium kesehatan mendukung program pengendalian HIV | B6: 1 | C6: 1) Terdapat bukti bahwa laboratorium melakukan komunikasi dan koordinasi dengan lintas terkait untuk menjamin terlaksananya penanggulangan HIV. | E6: [D W] Bukti komunikasi dan koordinasi dengan lintas terkait untuk menjamin terlaksananya penanggulangan HIV. Kepala Labkes, Penanggung Jawab Tiap Unit, Penanggung Jawab Mutu.
A7: Standar PPN 1 Kewajiban laboratorium kesehatan mendukung program pengendalian HIV | B7: 2 | C7: 2) Terdapat bukti bahwa laboratorium kesehatan menerapkan upaya penanggulangan HIV sesuai dengan hasil komunikasi dan koordinasi dengan lintas terkait. | E7: [D] Bukti penerapan upaya penanggulangan HIV sesuai dengan hasil komunikasi dan koordinasi dengan lintas terkait
A8: Standar PPN 2. Kewajiban laboratorium kesehatan mendukung program pengendalian TB — Laboratorium wajib mendukung pemerintah dalam pengendalian TB
A9: Standar PPN 2. Kewajiban laboratorium kesehatan mendukung program pengendalian TB | B9: 1 | C9: 1) Terdapat bukti bahwa laboratorium melakukan komunikasi dan koordinasi dengan lintas terkait untuk menjamin terlaksananya penanggulangan TB. | E9: [D W] Bukti komunikasi dan koordinasi dengan lintas terkait untuk menjamin terlaksananya penanggulangan TB. Kepala Labkes, Penanggung Jawab Tiap Unit, Penanggung Jawab Mutu
A10: Standar PPN 2. Kewajiban laboratorium kesehatan mendukung program pengendalian TB | B10: 2 | C10: 2) Terdapat bukti bahwa laboratorium kesehatan menerapkan upaya penanggulangan TB sesuai dengan hasil komunikasi dan koordinasi dengan lintas terkait | E10: [D] Bukti penerapan upaya penanggulangan TB sesuai dengan hasil komunikasi dan koordinasi dengan lintas terkait.
A11: Standar PPN. 3. Kewajiban laboratorium kesehatan mendukung program penurunan AKI/AKB — Laboratorium wajib mendukung pemerintah dalam menurunkan AKI/AKB
A12: Standar PPN. 3. Kewajiban laboratorium kesehatan mendukung program penurunan AKI/AKB | B12: 1 | C12: 1) Terdapat bukti bahwa laboratorium melakukan komunikasi dan koordinasi dengan lintas terkait dalam menurunkan AKI/AKB. | E12: [D W] Bukti komunikasi dan koordinasi dengan lintas terkait dalam menurunkan AKI/AKB Kepala Labkes, Penanggung Jawab Tiap Unit, Penanggung Jawab Mutu
A13: Standar PPN. 3. Kewajiban laboratorium kesehatan mendukung program penurunan AKI/AKB | B13: 2 | C13: 2) Terdapat bukti bahwa laboratorium kesehatan menerapkan upaya dalam menurunkan AKI/AKB sesuai dengan hasil komunikasi dan koordinasi dengan lintas terkait. | E13: [D] Bukti penerapan upaya penanggulangan AKI/AKB sesuai dengan hasil komunikasi dan koordinasi dengan lintas terkait.
A15: RINGKASAN CAPAIAN BAB VII
A16: Standar | B16: Jumlah EP | C16: Total Skor | D16: Skor Maksimal | E16: Capaian (%)
A17: Standar PPN 1 Kewajiban laboratorium kesehatan mendukung program pengendalian HIV | B17: 2 | C17: =SUMPRODUCT((D6:D7<>"TDD")*IFERROR(D6:D7,0)) -> 0 | D17: =COUNTIF(D6:D7,"<>TDD")*10 -> 20 | E17: =IFERROR(C17/D17,0) -> 0
A18: Standar PPN 2. Kewajiban laboratorium kesehatan mendukung program pengendalian TB | B18: 2 | C18: =SUMPRODUCT((D9:D10<>"TDD")*IFERROR(D9:D10,0)) -> 0 | D18: =COUNTIF(D9:D10,"<>TDD")*10 -> 20 | E18: =IFERROR(C18/D18,0) -> 0
A19: Standar PPN. 3. Kewajiban laboratorium kesehatan mendukung program penurunan AKI/AKB | B19: 2 | C19: =SUMPRODUCT((D12:D13<>"TDD")*IFERROR(D12:D13,0)) -> 0 | D19: =COUNTIF(D12:D13,"<>TDD")*10 -> 20 | E19: =IFERROR(C19/D19,0) -> 0
A20: TOTAL BAB VII | B20: =SUM(B17:B19) -> 6 | C20: =SUM(C17:C19) -> 0 | D20: =SUM(D17:D19) -> 60 | E20: =IFERROR(C20/D20,0) -> 0

Sheet Rekap Capaian
A1: REKAPITULASI CAPAIAN SELURUH BAB
A3: No | B3: Bab | C3: Jumlah EP | D3: Total Skor | E3: Skor Maksimal | F3: Capaian (%)
A4: 1 | B4: Bab I. SASARAN KESELAMATAN PASIEN (SKP) | C4: 6 | D4: ='Bab I - SKP (Rinci)'!C20 -> 0 | E4: ='Bab I - SKP (Rinci)'!D20 -> 60 | F4: =IFERROR(D4/E4,0) -> 0
A5: 2 | B5: Bab II. TATA KELOLA KEPEMIMPINAN (TKK) | C5: 55 | D5: ='Bab II - TKK (Rinci)'!C101 -> 0 | E5: ='Bab II - TKK (Rinci)'!D101 -> 550 | F5: =IFERROR(D5/E5,0) -> 0
A6: 3 | B6: Bab III. MANAJEMEN INFORMASI (MI) | C6: 27 | D6: ='Bab III - MI (Rinci)'!C51 -> 0 | E6: ='Bab III - MI (Rinci)'!D51 -> 270 | F6: =IFERROR(D6/E6,0) -> 0
A7: 4 | B7: Bab IV. KUALIFIKASI DAN KOMPETENSI STAF (KKS) | C7: 22 | D7: ='Bab IV - KKS (Rinci)'!C48 -> 0 | E7: ='Bab IV - KKS (Rinci)'!D48 -> 220 | F7: =IFERROR(D7/E7,0) -> 0
A8: 5 | B8: Bab V. MANAJEMEN FASILITAS DAN KESELAMATAN (MFK) | C8: 66 | D8: ='Bab V - MFK (Rinci)'!C108 -> 0 | E8: ='Bab V - MFK (Rinci)'!D108 -> 660 | F8: =IFERROR(D8/E8,0) -> 0
A9: 6 | B9: Bab VI. PENGENDALIAN MUTU (PM) | C9: 126 | D9: ='Bab VI - PM (Rinci)'!C202 -> 0 | E9: ='Bab VI - PM (Rinci)'!D202 -> 1260 | F9: =IFERROR(D9/E9,0) -> 0
A10: 7 | B10: Bab VII. PROGRAM PRIORITAS NASIONAL (PPN) | C10: 6 | D10: ='Bab VII - PPN (Rinci)'!C20 -> 0 | E10: ='Bab VII - PPN (Rinci)'!D20 -> 60 | F10: =IFERROR(D10/E10,0) -> 0
B11: TOTAL | C11: =SUM(C4:C10) -> 308 | D11: =SUM(D4:D10) -> 0 | E11: =SUM(E4:E10) -> 3080 | F11: =IFERROR(D11/E11,0) -> 0
A14: Keterangan Ambang Batas Akreditasi:
A15: • Paripurna — seluruh Bab minimal 80%
A16: • Utama — 4–6 Bab minimal 80%, dan Bab I (SKP) minimal 80%
A17: • Madya — 2–3 Bab minimal 80%, dan Bab I (SKP) minimal 80%
A18: • Tidak Terakreditasi — Bab I (SKP) kurang dari 80%
